active_server_utilization,avg_cpu_utilization,avg_gpu_utilization,b_max_ratio,b_min_ratio,deadline_miss_rate,defer_count,energy_idle_active,group_energy_active_total,group_id,group_makespan,group_size,method,migration_count,num_tasks,peak_active_power,power_envelope_violation,scenario,server_activated_count,total_active_window_time,total_cpu_active_capacity_time,total_cpu_busy_capacity_time,total_gpu_active_capacity_time,total_gpu_busy_capacity_time,total_task_busy_time,workflow_ids
0.7786805345895975,0.20454722486862018,0.18470358990636693,0.8,0.45,0.0,0.0,65977.59995755732,109855.1777462819,group_000,16.47792206732201,5.0,HEFT,0.0,41.0,10513.867052286805,0.00020439989537664492,normal,9.0,148.30129860589807,8173.049345391717,1671.7745623141684,725.0285709621684,133.9153798413956,115.47933447877224,"job_10302,job_11225,job_11820,job_1195,job_11957"
0.6734183846220976,0.1775428193869409,0.19411638597032158,0.8,0.45,0.0,0.0,79091.32519932411,123032.44699339553,group_000,20.114782604100743,5.0,PCEA-PPO,0.0,41.0,10427.950880286806,0.0015724489387642113,normal,9.0,181.0330434369067,9976.93217163397,1771.3326665841698,724.1321737476269,140.56592053272232,121.91097967450372,"job_10302,job_11225,job_11820,job_1195,job_11957"
0.6714098533903037,0.17666813643115975,0.20553499690975227,0.8,0.45,0.0,0.0,78608.57041682569,122513.80594859991,group_000,20.114782604100743,5.0,PCEA-AER,5.0,41.0,10403.950880286806,0.0015391104056416117,normal,9.0,181.0330434369067,9976.93217163397,1762.606014062657,683.9026085394254,140.56592053272232,121.547369152774,"job_10302,job_11225,job_11820,job_1195,job_11957"
0.6094737830644021,0.1519811143074072,0.3546670301243218,0.8,0.45,0.0,0.0,248160.2550665931,339479.23289144307,group_001,126.65370571849716,5.0,HEFT,0.0,47.0,5629.055166666667,0.0,normal,4.0,500.3908175024855,25945.634445671207,3943.2464344657574,2483.282071397918,880.7382772236738,304.9750845539287,"job_1196,job_12030,job_12669,job_12674,job_12675"
0.45965796635201495,0.1139557285133419,0.256369942961468,0.8,0.45,0.0,0.0,252283.05564883232,355048.548869458,group_001,129.2096213032609,5.0,PCEA-PPO,0.0,47.0,6826.1660833333335,0.0,normal,4.0,508.38135537584293,26334.344921497424,3000.9494604508645,2516.5353873676127,645.1640337199506,233.68153994334097,"job_1196,job_12030,job_12669,job_12674,job_12675"
0.6018186619231287,0.15009489171540677,0.35062295107741787,0.8,0.45,0.0,0.0,251693.76703363078,342986.817012969,group_001,128.83628638005726,5.0,PCEA-AER,7.0,47.0,5597.152944444445,0.0,normal,4.0,507.2449550466989,26279.535376745982,3944.4240167038897,2511.924203812904,880.7382772236738,305.2694801134619,"job_1196,job_12030,job_12669,job_12674,job_12675"
0.754970474762873,0.203304868997755,0.22986949962701278,0.8,0.45,0.0,0.0,60714.36319301277,106221.87593137476,group_002,21.83969899029236,5.0,HEFT,0.0,47.0,8214.344647602777,3.594753769912346e-06,normal,6.0,131.03819394175414,6639.268493048877,1349.7956112202241,524.1527757670166,120.48673629367393,98.92996749227557,"job_12680,job_12681,job_12683,job_12686,job_12688"
0.6247295165490655,0.16953524272275988,0.22334746735116903,0.8,0.45,0.0,0.0,68314.57844163451,114339.21502502298,group_002,21.83969899029236,5.0,PCEA-PPO,0.0,47.0,8486.3585934375,0.00018524609470599144,normal,7.0,152.8778929320465,8037.009228427588,1362.5563103065322,524.1527757670166,117.06819497264836,95.50733214247721,"job_12680,job_12681,job_12683,job_12686,job_12688"
0.6482797695155235,0.17659197856539924,0.2304285283317612,0.8,0.45,0.0,0.0,68314.57844163451,114129.13509658119,group_002,21.83969899029236,5.0,PCEA-AER,9.0,47.0,8486.3585934375,0.00010805324046858513,normal,7.0,152.8778929320465,8037.009228427588,1419.2713613964004,524.1527757670166,120.77975274100125,99.10764519400598,"job_12680,job_12681,job_12683,job_12686,job_12688"
1.9459082438290982,0.41323928428826806,0.3729812379623872,0.8,0.45,0.0,0.0,15790.136533851479,31844.627501995303,group_003,6.690735819428593,5.0,HEFT,0.0,34.0,7231.358778079861,0.0,normal,5.0,33.45367909714297,1605.7765966628622,663.569971531812,107.05177311085748,39.928302860956215,65.09778994154368,"job_12690,job_12692,job_12882,job_12887,job_12890"
1.0144390046294516,0.233767607113251,0.1793678637786549,0.8,0.45,0.0,0.0,31993.719628159794,47271.63902947466,group_003,11.653888838232259,5.0,PCEA-PPO,0.0,34.0,7065.579236413195,0.0,normal,6.0,68.96121078623668,3481.2063832605663,813.7932860821976,271.9963541723191,48.78740500347131,69.95694202803173,"job_12690,job_12692,job_12882,job_12887,job_12890"
1.0531961438216173,0.24422293495004121,0.1888674427634671,0.8,0.45,0.0,0.0,31515.606492212748,46647.68119238729,group_003,11.481905695805265,5.0,PCEA-AER,3.0,34.0,7047.8767364131945,0.0,normal,6.0,67.9293119316747,3428.92350796276,837.4217628338563,267.8687587540713,50.59168746210553,71.54288937889558,"job_12690,job_12692,job_12882,job_12887,job_12890"
0.6529521124051794,0.15583735899403586,0.37454530716754075,0.8,0.45,0.0,0.0,191003.95792876382,344067.41784794134,group_004,59.68873685273869,5.0,HEFT,0.0,36.0,10055.320002994446,0.00044220341831990867,normal,7.0,417.8211579691709,21965.45516180784,3423.0385215180463,1910.039579287638,715.3963609264487,272.81720770354826,"job_12951,job_175,job_1822,job_3081,job_3083"
0.5049085638418823,0.11556252634905093,0.267266894494384,0.8,0.45,0.0,3.0,255450.4766682608,413663.2965222025,group_004,71.59366673288876,5.0,PCEA-PPO,0.0,36.0,10825.207499963888,0.007485273145507379,normal,8.0,570.0321317145089,30754.563091097465,3554.0750075685,2555.634385195185,683.0364655941814,287.8141049676994,"job_12951,job_175,job_1822,job_3081,job_3083"
0.5774315691673445,0.13009979791506776,0.2831301375524632,0.8,0.45,0.0,0.0,226813.0099751053,385229.6963237096,group_004,71.59366673288876,5.0,PCEA-AER,2.0,36.0,9647.629639086112,0.00269056721853137,normal,7.0,498.4384649816201,27318.067087918804,3554.0750075685,2412.4470517294076,683.0364655941814,287.8141049676994,"job_12951,job_175,job_1822,job_3081,job_3083"
1.1651451240877762,0.2679913259467716,0.2616235416699968,0.8,0.45,0.0,0.0,64826.89678232896,113249.67029309516,group_005,16.284583263131356,5.0,HEFT,0.0,57.0,11722.71551214861,0.0007634961777092235,normal,9.0,145.58058633888797,8014.390864638322,2147.7872344701173,712.5990114606027,186.43267716886152,169.62251033459484,"job_3086,job_3093,job_3094,job_3099,job_3104"
0.7374977745571777,0.15189781683157824,0.19265077338445558,0.8,0.45,0.0,0.0,131310.60245155735,174440.34334928426,group_005,33.297044738626646,5.0,PCEA-PPO,0.0,57.0,10718.8842721467,0.0027918626908666148,normal,9.0,297.55863423276173,16379.989011806616,2488.0845706186656,1323.4227158855533,254.95840972990848,219.448830546935,"job_3086,job_3093,job_3094,job_3099,job_3104"
0.739620362543602,0.15186742463223435,0.19412952322738874,0.8,0.45,0.0,0.0,131310.60245155735,174320.40978858765,group_005,33.297044738626646,5.0,PCEA-AER,7.0,57.0,10324.009619368924,0.0026752833144425988,normal,9.0,297.55863423276173,16379.989011806616,2487.586746727368,1323.4227158855533,256.91542086315843,220.08042492921427,"job_3086,job_3093,job_3094,job_3099,job_3104"
0.8094823309428484,0.22157534716246052,0.11511674505958153,0.8,0.45,0.0,0.0,69295.11310520794,93790.3799393416,group_006,17.306471804497484,5.0,HEFT,0.0,69.0,10170.247122842187,0.00011639782074051535,normal,9.0,155.75824624047732,8584.01001503075,1902.0049991264764,761.4847593978892,87.65964691436359,126.08354823031173,"job_3105,job_3120,job_3127,job_3129,job_3135"
0.7581884861646045,0.2018378771078529,0.10566637423378493,0.8,0.45,0.0,0.0,68973.68257544888,94944.10784895463,group_006,15.71870614754988,5.0,PCEA-PPO,0.0,69.0,10421.83358155625,0.0014719581004641034,normal,10.0,157.1870614754988,8802.475442627932,1776.6729566340296,754.4978950823943,79.72505694037928,119.17742018477107,"job_3105,job_3120,job_3127,job_3129,job_3135"
0.7674934821388804,0.20409393358304323,0.11289591063449196,0.8,0.45,0.0,0.0,68596.43362790768,94503.17008739844,group_006,15.71870614754988,5.0,PCEA-AER,5.0,69.0,10397.83358155625,0.0014147517350191236,normal,10.0,157.1870614754988,8802.475442627932,1796.5318383540744,723.0604827872945,81.63057164808701,120.64004515900884,"job_3105,job_3120,job_3127,job_3129,job_3135"
0.8552064639288547,0.16131278451703274,0.1870000571666095,0.8,0.45,0.0,0.0,104340.31807458618,166181.404746581,group_007,26.059020498148403,5.0,HEFT,0.0,65.0,11344.598339667666,0.00044631516758988216,normal,9.0,234.53118448333566,12925.274167081609,2085.0119665380053,1146.5969019185297,214.41368620582242,200.57258496303936,"job_3137,job_3147,job_3149,job_3153,job_3315"
0.8445063121762783,0.1404633867206526,0.21894003968962544,0.8,0.45,0.0,0.0,170597.91321903153,227476.17358218995,group_007,43.38705829578624,5.0,PCEA-PPO,0.0,65.0,10916.474799118749,0.0013577406482272784,normal,9.0,390.48352466207615,21519.980914709973,3022.76940144397,1561.9340986483046,341.96991355063915,329.76580137796475,"job_3137,job_3147,job_3149,job_3153,job_3315"
0.8632456038127908,0.14501520020340752,0.22515527408559854,0.8,0.45,0.0,0.0,170597.9132190315,227076.85843566802,group_007,43.38705829578624,5.0,PCEA-AER,16.0,65.0,10916.474799118749,0.0012817376299106668,normal,9.0,390.48352466207615,21519.980914709973,3120.724340720176,1561.9340986483046,351.67770008480136,337.0831860258607,"job_3137,job_3147,job_3149,job_3153,job_3315"
0.5889301654635148,0.151361675472233,0.38953731343215015,0.8,0.45,0.0,0.0,329212.43903701793,538120.3708527936,group_008,118.07491459518036,5.0,HEFT,0.0,32.0,8468.730819444445,9.471800641581998e-05,normal,6.0,705.1225308342083,37571.047439297785,5686.816689658862,3515.63178396042,1369.4697601406192,415.2679287562426,"job_3779,job_3782,job_4796,job_4798,job_4809"
0.5155529784174188,0.13083705744455637,0.36776600113625374,0.8,0.45,0.0,14.0,268191.5458160531,495990.15434772195,group_008,117.03164682884581,5.0,PCEA-PPO,0.0,32.0,7261.784527544445,0.0,normal,5.0,560.5302016761341,28383.907510226447,3713.6669374164726,2377.671970489848,874.426912600808,288.9830149670473,"job_3779,job_3782,job_4796,job_4798,job_4809"
0.6502471782098499,0.14720335412133714,0.41498198113060014,0.8,0.45,0.0,0.0,260766.47450718022,482395.07402263157,group_008,113.39747594156152,5.0,PCEA-AER,8.0,32.0,7632.586503336285,8.659988525262919e-06,normal,5.0,545.2742410560547,27640.11296732757,4068.717337083283,2321.039361500331,963.1895125175105,354.5630365972171,"job_3779,job_3782,job_4796,job_4798,job_4809"
0.37835335882926535,0.08432021635370865,0.2374551163041591,0.8,0.45,0.0,0.0,669289.6756571076,860676.767931696,group_009,153.60730387086392,5.0,HEFT,0.0,44.0,11786.236137586415,0.0008616135820774343,normal,10.0,1524.2026658049156,85283.77191903429,7191.146099673314,7311.085083443568,1736.054558798695,576.6871981438101,"job_4811,job_4813,job_4816,job_4819,job_4821"
0.5481505095792965,0.12062219800918683,0.34310570911397226,0.8,0.45,0.0,14.0,283953.9302175813,503251.29771551484,group_009,120.11701186558317,5.0,PCEA-PPO,0.0,44.0,7462.622666666667,5.879336539707022e-07,normal,5.0,596.0027783219477,30456.689053207334,3673.752777680208,2605.916012995085,894.1046615301341,326.69922664785213,"job_4811,job_4813,job_4816,job_4819,job_4821"
0.718816643544037,0.1467502576325546,0.417633310616183,0.8,0.45,0.0,0.0,266282.20941647346,472852.1708838036,group_009,112.14050498642008,5.0,PCEA-AER,8.0,44.0,8219.339570936112,8.652217535311176e-05,normal,5.0,559.2449238577998,28614.682807768302,4199.212074113829,2455.430301106837,1025.4694856385393,401.9945590865042,"job_4811,job_4813,job_4816,job_4819,job_4821"
0.4873927128529431,0.10799134829537961,0.2772138622007867,0.8,0.45,0.0,0.0,503448.81810638536,694394.7929615546,group_010,139.41341519580052,5.0,HEFT,0.0,43.0,11299.019431043229,0.000705441094000494,normal,8.0,1112.384119417803,60039.51042707535,6483.74768201437,5553.150990643211,1539.4104335003294,542.1679136975753,"job_4823,job_4825,job_4827,job_4829,job_4831"
0.7158423935884018,0.15676019271340944,0.5054094695029173,0.8,0.45,0.0,10.0,168481.66088527875,398522.45838699135,group_010,85.96003106391773,5.0,PCEA-PPO,0.0,43.0,7291.390515380555,0.0,normal,4.0,343.8401242556709,16504.325964272204,2587.221318764238,1203.4404348948483,608.2301917785654,246.13533755891297,"job_4823,job_4825,job_4827,job_4829,job_4831"
0.7276113004287134,0.1599849299247507,0.5151417932107459,0.8,0.45,0.0,0.0,165172.01687220723,395060.86831242405,group_010,84.27143717969753,5.0,PCEA-AER,4.0,43.0,7294.117860877777,0.0,normal,4.0,337.0857487187901,16180.115938501925,2588.5747145955725,1179.8001205157652,607.7643497127455,245.26739998126538,"job_4823,job_4825,job_4827,job_4829,job_4831"
0.5476037274294043,0.1182867868368224,0.30473631204621304,0.8,0.45,0.0,0.0,324212.84297645965,509017.0698333251,group_011,89.73067277007344,5.0,HEFT,0.0,35.0,11305.722483148786,0.0015078639487852155,normal,8.0,716.3877810862869,38670.36416791648,4574.1931232326315,3577.5661022085324,1090.2143000885735,392.29661920773077,"job_4833,job_4835,job_4838,job_4840,job_4842"
0.7080410598041725,0.15898874139180438,0.358774779265237,0.8,0.45,0.0,9.0,270970.01246837346,450633.4071284023,group_011,99.67462133883267,5.0,PCEA-PPO,0.0,35.0,7248.004958333334,0.0,normal,6.0,573.9705382541039,31949.73262399868,5079.647777694222,3395.668849966839,1218.2803421046938,406.3947082018071,"job_4833,job_4835,job_4838,job_4840,job_4842"
0.8653410000621088,0.18706692880473796,0.4205059897643126,0.8,0.45,0.0,0.0,253040.49721160711,425784.99868910963,group_011,89.73067277007344,5.0,PCEA-AER,4.0,35.0,8772.732250000001,0.002002504408280291,normal,6.0,538.3840366204406,30149.506050744676,5639.975501892671,3230.304219722644,1358.362273154306,465.8857806666071,"job_4833,job_4835,job_4838,job_4840,job_4842"
0.704933558887194,0.15641532911661682,0.37878280304026485,0.8,0.45,0.0,0.0,241699.31973969602,442173.01270812494,group_012,66.76776788389392,5.0,HEFT,0.0,35.0,11208.49920710712,0.002318954145581885,normal,8.0,534.1421430711515,28843.67572584218,4511.593031590576,2670.710715355757,1011.6192908721246,376.5347218667796,"job_4844,job_4846,job_4848,job_4852,job_4856"
0.7372853735463212,0.18322147007682446,0.4419902466007536,0.8,0.45,0.0,11.0,226111.16089823542,426368.0944516515,group_012,114.19755600920982,5.0,PCEA-PPO,0.0,35.0,7094.956,0.0,normal,4.0,456.7902240368393,23753.091649915645,4352.076370967088,2283.951120184196,1009.4841188342803,336.78475096130876,"job_4844,job_4846,job_4848,job_4852,job_4856"
0.8407114980771725,0.21235378116275913,0.5009544483724894,0.8,0.45,0.0,0.0,226111.16089823545,422201.98717107606,group_012,114.19755600920982,5.0,PCEA-AER,4.0,35.0,7094.956,0.0,normal,4.0,456.7902240368393,23753.091649915637,5044.0588261651465,2283.9511201841965,1144.1554735216034,384.0287935570184,"job_4844,job_4846,job_4848,job_4852,job_4856"
0.6795244718338489,0.1365670758203086,0.3464879428868126,0.8,0.45,0.0,0.0,269022.840889259,468703.6628299616,group_013,74.48760037029427,5.0,HEFT,0.0,34.0,11144.152819932118,0.0017445773724859494,normal,8.0,594.4192018880535,32083.820891211886,4381.593600255335,2967.651206217366,1028.2553616478233,403.92239421087754,"job_4859,job_4861,job_4863,job_4865,job_4867"
0.7834621380992977,0.16677736400676765,0.4844762733365689,0.8,0.45,0.0,12.0,193751.68280914467,402007.5406867649,group_013,85.30625238959423,5.0,PCEA-PPO,0.0,34.0,8219.339570936112,0.00010875401364858444,normal,5.0,404.44269557156736,20424.73236364628,3406.3830241526434,1700.0290215598425,823.623724929326,316.8655390111435,"job_4859,job_4861,job_4863,job_4865,job_4867"
0.8765981392140348,0.18065269255834032,0.5084657416875564,0.8,0.45,0.0,0.0,177280.48888130035,385142.9256689525,group_013,74.48760037029427,5.0,PCEA-AER,4.0,34.0,8240.200527544444,0.0016927955713211596,normal,5.0,372.43800185147137,19068.825694795334,3444.8347056904418,1638.727208146474,833.2366453137755,326.47845939559306,"job_4859,job_4861,job_4863,job_4865,job_4867"
0.545168540926307,0.11575900548223736,0.2983698799073148,0.8,0.45,0.0,0.0,311124.20460567926,481934.4945381953,group_014,85.94591287449703,5.0,HEFT,0.0,35.0,11203.846734884895,0.0017912838792169092,normal,8.0,687.5673029959762,37128.634361782715,4297.9737886335915,3437.836514979881,1025.7468681155287,374.8400633629523,"job_4880,job_4882,job_4884,job_4886,job_4888"
0.5365198455578482,0.13144572934594115,0.3634089579531449,0.8,0.45,0.0,13.0,298349.88392320555,472161.46940063516,group_014,95.74820533410502,5.0,PCEA-PPO,0.0,35.0,10117.138638422222,0.0008058530128523848,normal,7.0,650.7752442437422,34093.557568044394,4481.452540529427,2947.1694121214027,1071.0277649704215,349.1538335345235,"job_4880,job_4882,job_4884,job_4886,job_4888"
0.8358501432501583,0.1753691416999729,0.4492273669720905,0.8,0.45,0.0,0.0,249930.26138016733,413754.7638164147,group_014,89.26080763577403,5.0,PCEA-AER,11.0,35.0,9256.574513655556,0.0029091825708132354,normal,6.0,535.5648458146442,28563.45844344769,5009.149191210265,2677.824229073221,1202.951927640631,447.65195309391925,"job_4880,job_4882,job_4884,job_4886,job_4888"
0.6034116359112648,0.13225425469267268,0.33499196227911676,0.8,0.45,0.0,0.0,288946.01714297006,463867.3987548506,group_015,79.81934175220168,5.0,HEFT,0.0,35.0,11062.462802582118,0.0013980380137734096,normal,8.0,638.5547340176134,34481.95563695113,4560.385343110775,3192.773670088067,1069.5535168558988,385.3113566724507,"job_4891,job_4895,job_4898,job_4900,job_4903"
0.9260424586530924,0.22235473059673116,0.534858171491322,0.8,0.45,0.0,10.0,158042.2966693593,341929.5821571948,group_015,79.81934175220168,5.0,PCEA-PPO,0.0,35.0,7094.956,0.0,normal,4.0,319.2773670088067,16602.42308445795,3691.6273121975983,1596.3868350440334,853.8405435844704,295.6643979371211,"job_4891,job_4895,job_4898,job_4900,job_4903"
1.0233156468119546,0.2298372835320283,0.5543128091230946,0.8,0.45,0.0,0.0,158042.29666935932,340707.661546832,group_015,79.81934175220168,5.0,PCEA-AER,4.0,35.0,7106.481486111112,0.0,normal,4.0,319.2773670088067,16602.42308445795,3815.8558217812542,1596.3868350440334,884.8976709803844,326.7215253330349,"job_4891,job_4895,job_4898,job_4900,job_4903"
0.6425585678155036,0.13473654191850168,0.31900026535752446,0.8,0.45,0.0,0.0,252549.98288096554,426860.3843025491,group_016,69.7651886411507,5.0,HEFT,0.0,37.0,11044.454608148784,0.0018498414233963393,normal,8.0,558.1215091292056,30138.561492977104,4060.7655539618504,2790.607545646028,890.204547569793,358.62575757308986,"job_4905,job_4909,job_4912,job_4919,job_4921"
0.7942430069628915,0.1932463465484342,0.4659770942367524,0.8,0.45,0.0,11.0,206602.08377647834,379741.7282657206,group_016,104.34448675579716,5.0,PCEA-PPO,0.0,37.0,7094.956,0.0,normal,4.0,417.37794702318865,21703.65324520581,4194.15169639009,2086.889735115943,972.442814761833,331.4995156836958,"job_4905,job_4909,job_4912,job_4919,job_4921"
0.8279047108688705,0.19583570838735567,0.47270943501794827,0.8,0.45,0.0,0.0,206602.08377647834,379168.1371412421,group_016,104.34448675579716,5.0,PCEA-AER,1.0,37.0,7118.714263888889,0.0,normal,4.0,417.37794702318865,21703.65324520581,4250.350307868411,2086.889735115943,986.4924676314131,345.54916855327576,"job_4905,job_4909,job_4912,job_4919,job_4921"
0.532698389253529,0.11636153524126783,0.286376242724078,0.8,0.45,0.0,0.0,393667.2699931269,571046.7152177278,group_017,108.91697857578261,5.0,HEFT,0.0,45.0,11077.133677593229,0.0008597991782715215,normal,8.0,869.8782275319603,46958.848275982855,5464.203678555128,4345.0183344369,1244.310025183271,463.38273065299,"job_4927,job_4929,job_4932,job_4935,job_4937"
0.754803430689683,0.171219174448365,0.3788649320933231,0.8,0.45,0.0,10.0,267999.5259519979,450775.7380971472,group_017,113.33275621926282,5.0,PCEA-PPO,0.0,45.0,7113.0896111111115,0.0,normal,5.0,557.1421406814738,30217.12470508971,5173.751146208755,3097.144050820637,1173.3992704974003,420.53279916817047,"job_4927,job_4929,job_4932,job_4935,job_4937"
0.9269422890136166,0.20088147303915463,0.43238098737485026,0.8,0.45,0.0,0.0,258600.13090377874,433073.0498755287,group_017,107.75005454324112,5.0,PCEA-AER,7.0,45.0,7967.133098958333,0.00020401611693747623,normal,5.0,538.7502727162056,29308.014835761584,5887.437192061185,3017.001527210751,1304.4940992468157,499.39041099826983,"job_4927,job_4929,job_4932,job_4935,job_4937"
0.5113818664637727,0.10646763998982527,0.2949626132318762,0.8,0.45,0.0,0.0,506782.9994022032,707671.6572209271,group_018,126.7089705831006,5.0,HEFT,0.0,42.0,11996.138539705556,0.001845904154079331,normal,9.0,1138.9231341736047,62754.36294046265,6681.30892133601,5569.364301359224,1642.7542483692393,582.4246381124678,"job_4941,job_4945,job_4947,job_4949,job_4952"
0.5951835473178658,0.11953973438091427,0.3267877936750515,0.8,0.45,0.0,14.0,235280.95734968182,468625.70132661005,group_018,103.13481197071278,5.0,PCEA-PPO,0.0,42.0,7562.252392984723,1.0052361550131041e-06,normal,5.0,490.22432200202735,25180.924447628713,3010.121019935407,2218.0663876526082,724.8370210457873,291.7734509506623,"job_4941,job_4945,job_4947,job_4949,job_4952"
0.8242466366965103,0.15875500192421604,0.4489805419650339,0.8,0.45,0.0,0.0,244877.81206057617,463799.21308095765,group_018,103.13481197071278,5.0,PCEA-AER,10.0,42.0,8219.339570936112,0.0008948447929642917,normal,5.0,514.2164587792632,26332.54701293604,4180.423551708171,2266.05066120708,1017.4126539889781,423.84118668279746,"job_4941,job_4945,job_4947,job_4949,job_4952"
0.34492421560482595,0.07688207172483406,0.19211011519344573,0.8,0.45,0.0,0.0,705083.1126589171,907750.7006296698,group_019,195.11256838710761,5.0,HEFT,0.0,37.0,11177.361125498786,0.0010873876176183,normal,8.0,1557.9853449482596,84102.05660572002,6465.9403481670215,7781.181118295495,1494.8436009768125,537.3868730300926,"job_4954,job_4960,job_4962,job_4964,job_4968"
0.4029233900181718,0.09397994473078099,0.24860554256174083,0.8,0.45,0.0,12.0,506370.4610957172,721629.5658254758,group_019,214.47107227335835,5.0,PCEA-PPO,0.0,37.0,7838.892554493924,1.0202294920761642e-05,normal,5.0,1062.6632401408974,54284.29874352249,5101.6353956654475,4640.826620206728,1153.7352198514636,428.17187516526496,"job_4954,job_4960,job_4962,job_4964,job_4968"
0.4845874199225113,0.11604267074164547,0.2996774606005425,0.8,0.45,0.0,0.0,464367.9127613161,675411.1552400684,group_019,195.11256838710761,5.0,PCEA-AER,7.0,37.0,8272.533860877778,0.0005960591330975879,normal,5.0,975.562841935538,49948.81750709956,5796.19418391089,4292.476504516368,1286.3584585609583,472.7454805458151,"job_4954,job_4960,job_4962,job_4964,job_4968"
0.29562392985874486,0.06594630290103762,0.18270232683818513,0.8,0.45,0.0,0.0,767612.7388158041,997817.6510833917,group_020,191.85126314393995,5.0,HEFT,0.0,37.0,11787.416900057118,0.002053430365490505,normal,9.0,1725.2037672211588,95064.94005063896,6269.18133184842,8435.625174036155,1541.208347631176,510.01151747303027,"job_4971,job_4973,job_4976,job_4982,job_4987"
0.6917983308092659,0.16215452157944496,0.4483743496094835,0.8,0.45,0.0,10.0,248121.99846491788,480140.38216884114,group_020,108.94422388482788,5.0,PCEA-PPO,0.0,37.0,7463.276715033335,1.3909777813195956e-07,normal,5.0,516.8079834717082,26549.89078879924,4305.184838844253,2340.946653561351,1049.6204332610678,357.52690031463044,"job_4971,job_4973,job_4976,job_4982,job_4987"
0.7762678484041836,0.16748224682726015,0.5065425270437308,0.8,0.45,0.0,0.0,254929.48389049718,478727.9065667613,group_020,108.94422388482788,5.0,PCEA-AER,6.0,37.0,7561.672041666667,3.8377923314359724e-05,normal,5.0,544.7211194241394,29632.82889667318,4962.972763462585,2396.772925466213,1214.067414415651,422.849491355695,"job_4971,job_4973,job_4976,job_4982,job_4987"
0.35530498950910017,0.2339811431265851,0.23273309085019492,0.8,0.45,0.0,0.0,627696.9191550304,1006714.7348771546,group_021,262.38229493782296,5.0,HEFT,0.0,35.0,6962.548375000001,0.0,normal,5.0,1307.100549223056,71060.08499326008,16626.71991739529,7308.216854530573,1700.8638971583896,464.41934692903703,"job_4991,job_506,job_6159,job_6262,job_674"
0.5003590236357306,0.25691092852454334,0.3706385563103135,0.8,0.45,0.0,0.0,769784.6681990052,1108593.7056537226,group_021,407.16045632755277,5.0,PCEA-PPO,0.0,35.0,6517.502277777778,0.0,normal,4.0,1454.583000571356,76273.0984770995,19595.392551195564,7431.610614704027,2754.441429294302,727.813729963015,"job_4991,job_506,job_6159,job_6262,job_674"
0.6185227859893923,0.35042968927014884,0.45491277120183654,0.8,0.45,0.0,0.0,693282.5446355175,1023368.2767572744,group_021,407.16045632755277,5.0,PCEA-AER,3.0,35.0,4905.6123472222225,0.0,normal,4.0,1369.01487017168,72211.75911359098,25305.144307826526,7100.820817024304,3230.2540756802155,846.7668915594936,"job_4991,job_506,job_6159,job_6262,job_674"
0.3523477988576924,0.22255510239414905,0.2841877163345537,0.8,0.45,0.0,0.0,716780.13665553,1176844.5417474667,group_022,225.11518398636773,5.0,HEFT,0.0,28.0,9190.560070936112,0.0006066668232876698,normal,7.0,1566.931369876773,82385.60372986786,18335.33647390453,7174.390584590283,2038.8736763268362,552.1048191371497,"job_678,job_680,job_683,job_6837,job_6842"
0.5071644729651378,0.303471849777357,0.32996258481975715,0.8,0.45,0.0,6.0,538513.8386798579,994268.3704726315,group_022,225.11518398636773,5.0,PCEA-PPO,0.0,28.0,7770.0963072916675,0.00017374962677612298,normal,5.0,1121.3792463903515,60962.74293763683,18500.476366786155,6269.651763286398,2068.750501733728,568.723714489606,"job_678,job_680,job_683,job_6837,job_6842"
0.7384438419770137,0.38654115873492956,0.468333015655335,0.8,0.45,0.0,0.0,539872.3502251566,962039.8634492725,group_022,225.11518398636773,5.0,PCEA-AER,11.0,28.0,6526.641168402778,0.0,normal,5.0,1124.6137976886816,61169.754220729985,23644.627676011816,6295.528173673041,2948.403694719419,830.4641335055901,"job_678,job_680,job_683,job_6837,job_6842"
0.3597185323618674,0.08607623494581035,0.24827436717112858,0.8,0.45,0.0,0.0,532289.4471115656,705218.7036282207,group_023,193.8243642025427,5.0,HEFT,0.0,57.0,9097.000725205555,3.430001269228306e-05,normal,6.0,1147.2809723236487,58090.030030020585,5000.1710728732305,4587.288687145993,1138.9061958324487,412.69822757095915,"job_9021,job_9025,job_9028,job_9031,job_9034"
0.6210357704341298,0.14218475281864704,0.3713521969918086,0.8,0.45,0.0,5.0,266446.9780843533,449268.2329852126,group_023,115.52168206392051,5.0,PCEA-PPO,0.0,57.0,7240.923570936111,0.0,normal,5.0,557.873169659185,28428.383292040977,4042.0826514126015,2421.9167080547268,899.3840904672915,346.45919372382195,"job_9021,job_9025,job_9028,job_9031,job_9034"
0.6422988775672167,0.14386209851277582,0.376274576232045,0.8,0.45,0.0,0.0,266423.2180843533,448887.7584071953,group_023,115.50968206392051,5.0,PCEA-AER,4.0,57.0,6862.892142984722,0.0,normal,5.0,557.825169659185,28425.887292040974,4089.407797920661,2421.676708054727,911.2153770943062,358.29048035083673,"job_9021,job_9025,job_9028,job_9031,job_9034"
0.6014923301020865,0.11400580935779857,0.2866738758194547,0.8,0.45,0.0,0.0,272083.11014833255,480319.56111216696,group_024,75.50394890904559,5.0,HEFT,0.0,58.0,10984.774792096701,0.0009246560260773906,normal,8.0,601.0763891237634,32428.572991197216,3697.0457101798856,2996.516339173014,859.0229529070516,361.5428378634009,"job_9038,job_9042,job_9045,job_9048,job_9051"
0.41070869908790514,0.09726851871300729,0.2713168186641526,0.8,0.45,0.0,13.0,487752.1270498329,695535.9459613761,group_024,207.9057216247885,5.0,PCEA-PPO,0.0,58.0,7240.923570936111,0.0,normal,5.0,1022.7107737973621,52147.52333904471,5072.312349740855,4439.383201132704,1204.479326962407,420.03621144949943,"job_9038,job_9042,job_9045,job_9048,job_9051"
0.41070869908790514,0.09726851871300729,0.2713168186641526,0.8,0.45,0.0,0.0,487752.1270498329,695528.0186620806,group_024,207.9057216247885,5.0,PCEA-AER,1.0,58.0,7278.174265380555,0.0,normal,5.0,1022.7107737973621,52147.52333904471,5072.312349740855,4439.383201132704,1204.479326962407,420.03621144949943,"job_9038,job_9042,job_9045,job_9048,job_9051"
1.0184325925903466,0.17272457978280722,0.4696418324445413,0.8,0.45,0.0,0.0,60248.81554458963,134215.49217259855,group_025,26.693275657675642,5.0,HEFT,0.0,49.0,6931.2165179847225,0.0,normal,5.0,126.598090769566,6076.708356939169,1049.596897414991,413.3558354851859,194.12919202890703,128.93162179943712,"job_9054,job_9057,job_9061,job_9065,job_9068"
1.473080564952305,0.24826567336204258,0.6273858030900035,0.8,0.45,0.0,0.0,43146.31349211413,117006.21681079213,group_025,22.319058123384885,5.0,PCEA-PPO,0.0,49.0,6935.642142984722,0.0,normal,4.0,87.77863141923892,4213.374308123468,1046.036209732603,309.47161157878713,194.15809556391497,129.30499596179263,"job_9054,job_9057,job_9061,job_9065,job_9068"
1.473080564952305,0.24826567336204258,0.6273858030900035,0.8,0.45,0.0,0.0,43146.31349211413,117002.88150457347,group_025,22.319058123384885,5.0,PCEA-AER,2.0,49.0,6921.3817957625,0.0,normal,4.0,87.77863141923892,4213.374308123468,1046.036209732603,309.47161157878713,194.15809556391497,129.30499596179263,"job_9054,job_9057,job_9061,job_9065,job_9068"
0.7851844578393401,0.17637083404796658,0.372986906620931,0.8,0.45,0.0,0.0,95155.13260948953,191503.7267916222,group_026,46.99413552571751,5.0,HEFT,0.0,46.0,7285.938597777778,0.0,normal,5.0,195.59310955057808,9388.469258427747,1655.8521535425962,673.1510322554611,251.076521209651,153.5766696795813,"job_9071,job_9074,job_9080,job_9090,job_9118"
0.7497412504492962,0.17127041022492806,0.35603297772187925,0.8,0.45,0.0,0.0,114375.73560473401,206458.31131442977,group_026,51.339095988008594,5.0,PCEA-PPO,0.0,46.0,7289.854682047222,0.0,normal,5.0,238.02637311096572,11971.755353058064,2050.407450430733,989.0208635493747,352.1240430785483,178.45819061612616,"job_9071,job_9074,job_9080,job_9090,job_9118"
0.776822582954903,0.1865897085499751,0.3683590302267399,0.8,0.45,0.0,0.0,113713.25560473402,204794.15632866055,group_026,51.001095988008586,5.0,PCEA-AER,3.0,46.0,7289.854682047222,0.0,normal,5.0,236.67437311096566,11906.859353058064,2221.697416432649,984.2888635493746,362.5716912400275,183.8539978392928,"job_9071,job_9074,job_9080,job_9090,job_9118"
0.7786805345895975,0.20454722486862018,0.18470358990636693,0.72,0.4,0.0,0.0,65977.59995755732,109855.1777462819,group_000,16.47792206732201,5.0,HEFT,0.0,41.0,10513.867052286805,0.0003965671250574465,tight,9,148.30129860589807,8173.049345391717,1671.7745623141684,725.0285709621684,133.9153798413956,115.47933447877224,"job_10302,job_11225,job_11820,job_1195,job_11957"
0.6734183846220976,0.1775428193869409,0.19411638597032158,0.72,0.4,0.0,0.0,79091.32519932411,123032.44699339553,group_000,20.114782604100743,5.0,PCEA-PPO,0.0,41.0,10427.950880286806,0.003313868942840049,tight,9,181.0330434369067,9976.93217163397,1771.3326665841698,724.1321737476269,140.56592053272232,121.91097967450372,"job_10302,job_11225,job_11820,job_1195,job_11957"
0.6714098533903037,0.17666813643115975,0.20553499690975227,0.72,0.4,0.0,0.0,78608.57041682569,122513.80594859991,group_000,20.114782604100743,5.0,PCEA-AER,5.0,41.0,10403.950880286806,0.003238714393934274,tight,9,181.0330434369067,9976.93217163397,1762.606014062657,683.9026085394254,140.56592053272232,121.547369152774,"job_10302,job_11225,job_11820,job_1195,job_11957"
0.6094737830644021,0.1519811143074072,0.3546670301243218,0.72,0.4,0.0,0.0,248160.2550665931,339479.23289144307,group_001,126.65370571849716,5.0,HEFT,0.0,47.0,5629.055166666667,0.0,tight,4,500.3908175024855,25945.634445671207,3943.2464344657574,2483.282071397918,880.7382772236738,304.9750845539287,"job_1196,job_12030,job_12669,job_12674,job_12675"
0.45965796635201495,0.1139557285133419,0.256369942961468,0.72,0.4,0.0,0.0,252283.05564883232,355048.548869458,group_001,129.2096213032609,5.0,PCEA-PPO,0.0,47.0,6826.1660833333335,7.604889484776596e-06,tight,4,508.38135537584293,26334.344921497424,3000.9494604508645,2516.5353873676127,645.1640337199506,233.68153994334097,"job_1196,job_12030,job_12669,job_12674,job_12675"
0.6018186619231287,0.15009489171540677,0.35062295107741787,0.72,0.4,0.0,0.0,251693.76703363078,342986.817012969,group_001,128.83628638005726,5.0,PCEA-AER,7.0,47.0,5597.152944444445,0.0,tight,4,507.2449550466989,26279.535376745982,3944.4240167038897,2511.924203812904,880.7382772236738,305.2694801134619,"job_1196,job_12030,job_12669,job_12674,job_12675"
0.754970474762873,0.203304868997755,0.22986949962701278,0.72,0.4,0.0,0.0,60714.36319301277,106221.87593137476,group_002,21.83969899029236,5.0,HEFT,0.0,47.0,8214.344647602777,2.8005222244602354e-05,tight,6,131.03819394175414,6639.268493048877,1349.7956112202241,524.1527757670166,120.48673629367393,98.92996749227557,"job_12680,job_12681,job_12683,job_12686,job_12688"
0.6247295165490655,0.16953524272275988,0.22334746735116903,0.72,0.4,0.0,0.0,68314.57844163451,114339.21502502298,group_002,21.83969899029236,5.0,PCEA-PPO,0.0,47.0,8486.3585934375,0.0006895409097809439,tight,7,152.8778929320465,8037.009228427588,1362.5563103065322,524.1527757670166,117.06819497264836,95.50733214247721,"job_12680,job_12681,job_12683,job_12686,job_12688"
0.6482797695155235,0.17659197856539924,0.2304285283317612,0.72,0.4,0.0,0.0,68314.57844163451,114129.13509658119,group_002,21.83969899029236,5.0,PCEA-AER,9.0,47.0,8486.3585934375,0.0004983874151047537,tight,7,152.8778929320465,8037.009228427588,1419.2713613964004,524.1527757670166,120.77975274100125,99.10764519400598,"job_12680,job_12681,job_12683,job_12686,job_12688"
1.9459082438290982,0.41323928428826806,0.3729812379623872,0.72,0.4,0.0,0.0,15790.136533851479,31844.627501995303,group_003,6.690735819428593,5.0,HEFT,0.0,34.0,7231.358778079861,5.7499547864532415e-06,tight,5,33.45367909714297,1605.7765966628622,663.569971531812,107.05177311085748,39.928302860956215,65.09778994154368,"job_12690,job_12692,job_12882,job_12887,job_12890"
1.0144390046294516,0.233767607113251,0.1793678637786549,0.72,0.4,0.0,0.0,31993.719628159794,47271.63902947466,group_003,11.653888838232259,5.0,PCEA-PPO,0.0,34.0,7065.579236413195,2.7228937595836305e-05,tight,6,68.96121078623668,3481.2063832605663,813.7932860821976,271.9963541723191,48.78740500347131,69.95694202803173,"job_12690,job_12692,job_12882,job_12887,job_12890"
1.0531961438216173,0.24422293495004121,0.1888674427634671,0.72,0.4,0.0,0.0,31515.606492212748,46647.68119238729,group_003,11.481905695805265,5.0,PCEA-AER,3.0,34.0,7047.8767364131945,2.4045299465413463e-05,tight,6,67.9293119316747,3428.92350796276,837.4217628338563,267.8687587540713,50.59168746210553,71.54288937889558,"job_12690,job_12692,job_12882,job_12887,job_12890"
0.6529521124051794,0.15583735899403586,0.37454530716754075,0.72,0.4,0.0,0.0,191003.95792876382,344067.41784794134,group_004,59.68873685273869,5.0,HEFT,0.0,36.0,10055.320002994446,0.0008529667666917596,tight,7,417.8211579691709,21965.45516180784,3423.0385215180463,1910.039579287638,715.3963609264487,272.81720770354826,"job_12951,job_175,job_1822,job_3081,job_3083"
0.5049085638418823,0.11556252634905093,0.267266894494384,0.72,0.4,0.0,5.0,255450.4766682608,413663.29652220255,group_004,71.59366673288876,5.0,PCEA-PPO,0.0,36.0,10825.207499963888,0.013358350214868982,tight,8,570.0321317145089,30754.563091097465,3554.0750075685,2555.634385195185,683.0364655941814,287.8141049676994,"job_12951,job_175,job_1822,job_3081,job_3083"
0.5774315691673445,0.13009979791506776,0.2831301375524632,0.72,0.4,0.0,0.0,226813.0099751053,385216.58982904704,group_004,71.59366673288876,5.0,PCEA-AER,2.0,36.0,9647.629639086112,0.006923967093707839,tight,7,498.4384649816201,27318.067087918804,3554.0750075685,2412.4470517294076,683.0364655941814,287.8141049676994,"job_12951,job_175,job_1822,job_3081,job_3083"
1.1651451240877762,0.2679913259467716,0.2616235416699968,0.72,0.4,0.0,0.0,64826.89678232896,113249.67029309516,group_005,16.284583263131356,5.0,HEFT,0.0,57.0,11722.71551214861,0.0012142876258807564,tight,9,145.58058633888797,8014.390864638322,2147.7872344701173,712.5990114606027,186.43267716886152,169.62251033459484,"job_3086,job_3093,job_3094,job_3099,job_3104"
0.7374977745571777,0.15189781683157824,0.19265077338445558,0.72,0.4,0.0,0.0,131310.60245155735,174440.34334928426,group_005,33.297044738626646,5.0,PCEA-PPO,0.0,57.0,10718.8842721467,0.005590871520301647,tight,9,297.55863423276173,16379.989011806616,2488.0845706186656,1323.4227158855533,254.95840972990848,219.448830546935,"job_3086,job_3093,job_3094,job_3099,job_3104"
0.739620362543602,0.15186742463223435,0.19412952322738874,0.72,0.4,0.0,0.0,131310.60245155735,174320.40978858765,group_005,33.297044738626646,5.0,PCEA-AER,7.0,57.0,10324.009619368924,0.0054615500166822996,tight,9,297.55863423276173,16379.989011806616,2487.586746727368,1323.4227158855533,256.91542086315843,220.08042492921427,"job_3086,job_3093,job_3094,job_3099,job_3104"
0.8094823309428484,0.22157534716246052,0.11511674505958153,0.72,0.4,0.0,0.0,69295.11310520794,93790.3799393416,group_006,17.306471804497484,5.0,HEFT,0.0,69.0,10170.247122842187,0.00024068188554989898,tight,9,155.75824624047732,8584.01001503075,1902.0049991264764,761.4847593978892,87.65964691436359,126.08354823031173,"job_3105,job_3120,job_3127,job_3129,job_3135"
0.7581884861646045,0.2018378771078529,0.10566637423378493,0.72,0.4,0.0,0.0,68973.68257544888,94944.10784895463,group_006,15.71870614754988,5.0,PCEA-PPO,0.0,69.0,10421.83358155625,0.0030520348682014945,tight,10,157.1870614754988,8802.475442627932,1776.6729566340296,754.4978950823943,79.72505694037928,119.17742018477107,"job_3105,job_3120,job_3127,job_3129,job_3135"
0.7674934821388804,0.20409393358304323,0.11289591063449196,0.72,0.4,0.0,0.0,68596.43362790768,94503.17008739844,group_006,15.71870614754988,5.0,PCEA-AER,5.0,69.0,10397.83358155625,0.0029401648123359445,tight,10,157.1870614754988,8802.475442627932,1796.5318383540744,723.0604827872945,81.63057164808701,120.64004515900884,"job_3105,job_3120,job_3127,job_3129,job_3135"
0.8552064639288547,0.16131278451703274,0.1870000571666095,0.72,0.4,0.0,0.0,104340.31807458618,166181.404746581,group_007,26.059020498148403,5.0,HEFT,0.0,65.0,11344.598339667666,0.0007394869881334721,tight,9,234.53118448333566,12925.274167081609,2085.0119665380053,1146.5969019185297,214.41368620582242,200.57258496303936,"job_3137,job_3147,job_3149,job_3153,job_3315"
0.8445063121762783,0.1404633867206526,0.21894003968962544,0.72,0.4,0.0,0.0,170597.91321903153,227476.17358218995,group_007,43.38705829578624,5.0,PCEA-PPO,0.0,65.0,10916.474799118749,0.002392390967089622,tight,9,390.48352466207615,21519.980914709973,3022.76940144397,1561.9340986483046,341.96991355063915,329.76580137796475,"job_3137,job_3147,job_3149,job_3153,job_3315"
0.8632456038127908,0.14501520020340752,0.22515527408559854,0.72,0.4,0.0,0.0,170597.9132190315,227076.85843566802,group_007,43.38705829578624,5.0,PCEA-AER,16.0,65.0,10916.474799118749,0.0020879183667551608,tight,9,390.48352466207615,21519.980914709973,3120.724340720176,1561.9340986483046,351.67770008480136,337.0831860258607,"job_3137,job_3147,job_3149,job_3153,job_3315"
0.5889301654635148,0.151361675472233,0.38953731343215015,0.72,0.4,0.0,0.0,329212.43903701793,538120.3708527936,group_008,118.07491459518036,5.0,HEFT,0.0,32.0,8468.730819444445,0.0004225730447245809,tight,6,705.1225308342083,37571.047439297785,5686.816689658862,3515.63178396042,1369.4697601406192,415.2679287562426,"job_3779,job_3782,job_4796,job_4798,job_4809"
0.49077356233441827,0.12510805551608414,0.3460716627839145,0.72,0.4,0.0,12.0,283343.0592600263,509990.1453950977,group_008,132.48242711275972,5.0,PCEA-PPO,0.0,32.0,6891.598501491667,1.2843069629802678e-06,tight,5,584.5032830305446,29534.61541523815,3695.018305015809,2518.3228149021525,871.5201639798561,286.8587584090631,"job_3779,job_3782,job_4796,job_4798,job_4809"
0.6889696651235264,0.15692948027848805,0.4610977244173523,0.72,0.4,0.0,0.0,241664.84077060854,461136.15654980583,group_008,103.49981929801575,5.0,PCEA-AER,5.0,32.0,6444.507259548612,0.0,tight,5,516.0414954157782,28058.664380305043,4403.231618509795,2274.080822407745,1048.5734923533523,355.5369362864525,"job_3779,job_3782,job_4796,job_4798,job_4809"
0.37835335882926535,0.08432021635370865,0.2374551163041591,0.72,0.4,0.0,0.0,669289.6756571076,860676.767931696,group_009,153.60730387086392,5.0,HEFT,0.0,44.0,11786.236137586415,0.0014127542141490848,tight,10,1524.2026658049156,85283.77191903429,7191.146099673314,7311.085083443568,1736.054558798695,576.6871981438101,"job_4811,job_4813,job_4816,job_4819,job_4821"
0.8609003850388517,0.18486186385391096,0.4685955215653345,0.72,0.4,0.0,13.0,168282.35970048304,393124.7995906218,group_009,85.96308975908569,5.0,PCEA-PPO,0.0,44.0,7062.622666666667,0.00045167326364406116,tight,4,339.2700780303747,17587.056685507865,3251.1760785873694,1682.6035471339692,788.4604867569242,292.07774080851084,"job_4811,job_4813,job_4816,job_4819,job_4821"
0.9351108307071854,0.1891025162094997,0.4781912161622741,0.72,0.4,0.0,0.0,169594.72527178336,393216.34843891114,group_009,85.96308975908569,5.0,PCEA-AER,4.0,44.0,7062.622666666667,0.0003474399520058057,tight,4,342.39475796204215,17787.036201134586,3363.573301544011,1707.6009865873089,816.5597924960844,320.1770465476709,"job_4811,job_4813,job_4816,job_4819,job_4821"
0.4873927128529431,0.10799134829537961,0.2772138622007867,0.72,0.4,0.0,0.0,503448.81810638536,694394.7929615546,group_010,139.41341519580052,5.0,HEFT,0.0,43.0,11299.019431043229,0.0012392237002310062,tight,8,1112.384119417803,60039.51042707535,6483.74768201437,5553.150990643211,1539.4104335003294,542.1679136975753,"job_4823,job_4825,job_4827,job_4829,job_4831"
0.6061817356543109,0.14281315602393033,0.36056035270149667,0.72,0.4,0.0,11.0,297573.0722787225,509004.65832807764,group_010,152.53861112668736,5.0,PCEA-PPO,0.0,43.0,6405.535488715278,0.0,tight,4,599.5511641445626,31049.421171171005,4434.26583017117,2965.9459796362516,1069.402528511233,363.43696529471356,"job_4823,job_4825,job_4827,job_4829,job_4831"
0.7451629134491485,0.1640514152858674,0.4128420989909738,0.72,0.4,0.0,0.0,275426.3696364788,480367.7938896649,group_010,139.41341519580052,5.0,PCEA-AER,6.0,43.0,7094.956,0.00025295798345286883,tight,4,556.1960597089014,28904.703891971265,4741.857581896806,2776.6074953216053,1146.300466442642,414.45667630162154,"job_4823,job_4825,job_4827,job_4829,job_4831"
0.5476037274294043,0.1182867868368224,0.30473631204621304,0.72,0.4,0.0,0.0,324212.84297645965,509017.0698333251,group_011,89.73067277007344,5.0,HEFT,0.0,35.0,11305.722483148786,0.0024155033614785683,tight,8,716.3877810862869,38670.36416791648,4574.1931232326315,3577.5661022085324,1090.2143000885735,392.29661920773077,"job_4833,job_4835,job_4838,job_4840,job_4842"
0.8600888714330153,0.20460608222512203,0.5027963359770682,0.72,0.4,0.0,14.0,146578.38518113946,349297.8077561875,group_011,75.93560967707505,5.0,PCEA-PPO,0.0,35.0,7062.622666666667,0.00019066202712431074,tight,4,294.7564339952785,15219.502511198221,3114.0027822316742,1446.824155837327,727.4578843581228,253.51672866261913,"job_4833,job_4835,job_4838,job_4840,job_4842"
0.9739656996779525,0.2231485264785638,0.5427154176351606,0.72,0.4,0.0,0.0,134858.20662041745,337101.15343780996,group_011,68.1102053638472,5.0,PCEA-AER,1.0,35.0,7094.956,0.0005248861354334218,tight,4,272.4408214553888,14166.922715680217,3161.327928739734,1362.204107276944,739.2891709851377,265.3480152896339,"job_4833,job_4835,job_4838,job_4840,job_4842"
0.704933558887194,0.15641532911661682,0.37878280304026485,0.72,0.4,0.0,0.0,241699.31973969602,442173.01270812494,group_012,66.76776788389392,5.0,HEFT,0.0,35.0,11208.49920710712,0.003811729909820246,tight,8,534.1421430711515,28843.67572584218,4511.593031590576,2670.710715355757,1011.6192908721246,376.5347218667796,"job_4844,job_4846,job_4848,job_4852,job_4856"
0.5902275198625302,0.13109984917329875,0.3303403540621664,0.72,0.4,0.0,14.0,274105.54658934847,476141.8094788503,group_012,91.24581077841692,5.0,PCEA-PPO,0.0,35.0,10581.8901487885,0.0030187561036848186,tight,8,599.2366462063428,31888.151471066943,4180.531848272181,2657.345955922245,877.8286039450205,353.6859595011102,"job_4844,job_4846,job_4848,job_4852,job_4856"
0.7776908159663733,0.16873371047074412,0.5026510166993007,0.72,0.4,0.0,0.0,226807.85222537696,432814.60701020213,group_012,65.09984277421843,5.0,PCEA-AER,3.0,35.0,9887.854855619054,0.02062432355109888,tight,8,520.7987421937474,29164.729562849854,4921.073034015459,1952.995283226553,981.6750647227656,405.02039877091636,"job_4844,job_4846,job_4848,job_4852,job_4856"
0.6795244718338489,0.1365670758203086,0.3464879428868126,0.72,0.4,0.0,0.0,269022.840889259,468703.6628299616,group_013,74.48760037029427,5.0,HEFT,0.0,34.0,11144.152819932118,0.0030283746684441047,tight,8,594.4192018880535,32083.820891211886,4381.593600255335,2967.651206217366,1028.2553616478233,403.92239421087754,"job_4859,job_4861,job_4863,job_4865,job_4867"
0.708491914261681,0.1516029476536255,0.4610691503167724,0.72,0.4,0.0,14.0,210203.33066385932,417695.99424743926,group_013,85.30625238959423,5.0,PCEA-PPO,0.0,34.0,9376.056475205556,0.0016408910201189584,tight,6,445.57181520835394,22398.930106212032,3395.743828389279,1782.2872608334155,821.7576729728706,315.6840282980187,"job_4859,job_4861,job_4863,job_4865,job_4867"
0.756671530445221,0.1483983130375626,0.47945813049644065,0.72,0.4,0.0,0.0,204096.02501460633,410180.3705610841,group_013,74.48760037029427,5.0,PCEA-AER,5.0,34.0,8718.388945936113,0.006630004234160308,tight,6,446.92560222176564,23836.032118494168,3537.2269558936937,1787.7024088870626,857.1284548489746,338.17587942829545,"job_4859,job_4861,job_4863,job_4865,job_4867"
0.545168540926307,0.11575900548223736,0.2983698799073148,0.72,0.4,0.0,0.0,311124.20460567926,481934.4945381953,group_014,85.94591287449703,5.0,HEFT,0.0,35.0,11203.846734884895,0.0030166611713001753,tight,8,687.5673029959762,37128.634361782715,4297.9737886335915,3437.836514979881,1025.7468681155287,374.8400633629523,"job_4880,job_4882,job_4884,job_4886,job_4888"
0.5419221166542899,0.13265736151077687,0.36501592595992943,0.72,0.4,0.0,14.0,295754.92484387325,469529.50580658094,group_014,95.74820533410502,5.0,PCEA-PPO,0.0,35.0,10117.138638422222,0.0049513037471721,tight,7,644.2878465454112,33782.16247852451,4481.452540529427,2934.1946167247406,1071.0277649704215,349.1538335345235,"job_4880,job_4882,job_4884,job_4886,job_4888"
0.8358501432501583,0.1753691416999729,0.4492273669720905,0.72,0.4,0.0,0.0,249930.26138016733,413754.7638164147,group_014,89.26080763577403,5.0,PCEA-AER,11.0,35.0,9256.574513655556,0.007280661201739966,tight,6,535.5648458146442,28563.45844344769,5009.149191210265,2677.824229073221,1202.951927640631,447.65195309391925,"job_4880,job_4882,job_4884,job_4886,job_4888"
0.6034116359112648,0.13225425469267268,0.33499196227911676,0.72,0.4,0.0,0.0,288946.01714297006,463867.3987548506,group_015,79.81934175220168,5.0,HEFT,0.0,35.0,11062.462802582118,0.0023452289750916077,tight,8,638.5547340176134,34481.95563695113,4560.385343110775,3192.773670088067,1069.5535168558988,385.3113566724507,"job_4891,job_4895,job_4898,job_4900,job_4903"
0.7609000927130016,0.17309652622630842,0.4177776321104613,0.72,0.4,0.0,13.0,167554.70931069375,357998.9707146836,group_015,88.94155419431891,5.0,PCEA-PPO,0.0,35.0,6405.535488715278,0.0,tight,4,335.4101025057097,17197.051959038108,2976.749955442828,1615.9821697138502,675.121204395778,255.21357809347188,"job_4891,job_4895,job_4898,job_4900,job_4903"
1.022536505665959,0.22418590492516807,0.5388706537634843,0.72,0.4,0.0,0.0,154029.9047504097,338902.7955904875,group_015,77.7928811870756,5.0,PCEA-AER,5.0,35.0,7106.481486111112,0.0005229390448184676,tight,4,311.1715247483024,16180.919286911725,3627.5340328574102,1555.8576237415118,838.4060148684896,318.1842435788776,"job_4891,job_4895,job_4898,job_4900,job_4903"
0.6425585678155036,0.13473654191850168,0.31900026535752446,0.72,0.4,0.0,0.0,252549.98288096554,426860.3843025491,group_016,69.7651886411507,5.0,HEFT,0.0,37.0,11044.454608148784,0.0030496329976800124,tight,8,558.1215091292056,30138.561492977104,4060.7655539618504,2790.607545646028,890.204547569793,358.62575757308986,"job_4905,job_4909,job_4912,job_4919,job_4921"
0.7143429838156392,0.16584741845097092,0.3955570275226837,0.72,0.4,0.0,13.0,181159.54625319043,364300.33310801815,group_016,94.78724514157533,5.0,PCEA-PPO,0.0,37.0,6405.535488715278,0.0,tight,4,363.6270778826616,18722.345217694725,3105.0526217025513,1771.5696813623888,700.7568372090144,259.7544518108623,"job_4905,job_4909,job_4912,job_4919,job_4921"
1.0419047377179136,0.22359858777284425,0.5340849779607469,0.72,0.4,0.0,0.0,158132.26117143742,333781.2900046525,group_016,79.86477836941283,5.0,PCEA-AER,5.0,37.0,7118.714263888889,0.0005264114950393198,tight,4,319.45911347765133,16611.87390083787,3714.3915444879167,1597.2955673882566,853.0915679053558,332.84596383952953,"job_4905,job_4909,job_4912,job_4919,job_4921"
0.532698389253529,0.11636153524126783,0.286376242724078,0.72,0.4,0.0,0.0,393667.2699931269,571046.7152177278,group_017,108.91697857578261,5.0,HEFT,0.0,45.0,11077.133677593229,0.001404721107936859,tight,8,869.8782275319603,46958.848275982855,5464.203678555128,4345.0183344369,1244.310025183271,463.38273065299,"job_4927,job_4929,job_4932,job_4935,job_4937"
0.7932206728957303,0.1822317388683873,0.423994314706577,0.72,0.4,0.0,13.0,225851.98703472535,417302.78466382733,group_017,115.95323477355275,5.0,PCEA-PPO,0.0,45.0,6702.72484982639,1.1660818533480989e-07,tight,4,454.91908714918947,23549.066308417594,4291.3873021098925,2247.9138799108828,953.1027050322174,360.85122442159144,"job_4927,job_4929,job_4932,job_4935,job_4937"
0.8372413961906127,0.1914771162682103,0.4422748132576251,0.72,0.4,0.0,0.0,213345.10799561738,404781.94428221224,group_017,107.75005454324112,5.0,PCEA-AER,2.0,45.0,7127.289333333333,0.0002811931250620452,tight,4,431.0002181729645,22412.011344994153,4291.387302109893,2155.0010908648223,953.1027050322176,360.85122442159144,"job_4927,job_4929,job_4932,job_4935,job_4937"
0.5113818664637727,0.10646763998982527,0.2949626132318762,0.72,0.4,0.0,0.0,506782.9994022032,707671.6572209271,group_018,126.7089705831006,5.0,HEFT,0.0,42.0,11996.138539705556,0.002698807570725471,tight,9,1138.9231341736047,62754.36294046265,6681.30892133601,5569.364301359224,1642.7542483692393,582.4246381124678,"job_4941,job_4945,job_4947,job_4949,job_4952"
0.8042684062347945,0.16405168192970357,0.5210170562329683,0.72,0.4,0.0,17.0,165068.20361954,401625.99459344643,group_018,89.56536424045848,5.0,PCEA-PPO,0.0,42.0,6862.892142984722,4.136150228834176e-06,tight,4,332.0616812324374,15938.960699156998,2614.8133109081496,1201.5155479076257,626.0100937889732,267.0667191364588,"job_4941,job_4945,job_4947,job_4949,job_4952"
0.7512783114968817,0.1532683435615102,0.5023297395901657,0.72,0.4,0.0,0.0,174160.28400507616,410488.98388011195,group_018,89.15475736469205,5.0,PCEA-AER,4.0,42.0,7240.923570936111,0.0005801764522403168,tight,4,355.16142838446757,17047.748562454442,2612.880183620509,1245.2514009570873,625.5268119670626,266.8250782255035,"job_4941,job_4945,job_4947,job_4949,job_4952"
0.34492421560482595,0.07688207172483406,0.19211011519344573,0.72,0.4,0.0,0.0,705083.1126589171,907750.7006296698,group_019,195.11256838710761,5.0,HEFT,0.0,37.0,11177.361125498786,0.0016776001850402668,tight,8,1557.9853449482596,84102.05660572002,6465.9403481670215,7781.181118295495,1494.8436009768125,537.3868730300926,"job_4954,job_4960,job_4962,job_4964,job_4968"
0.9193946882955295,0.19383624669908395,0.45734951175097055,0.72,0.4,0.0,16.0,157767.43809737245,390447.5285136151,group_019,82.3653693242956,5.0,PCEA-PPO,0.0,37.0,6426.127780381944,0.0,tight,4,316.80435071448505,16321.940718160857,3163.7837276532514,1546.0503738243335,707.0853836109644,291.2682372758116,"job_4954,job_4960,job_4962,job_4964,job_4968"
1.0376992415768251,0.2099915057836992,0.4905535076861062,0.72,0.4,0.0,0.0,149793.10882439322,379508.085074148,group_019,75.65308526484506,5.0,PCEA-AER,5.0,37.0,6956.383765625,0.00016994937725421118,tight,4,302.61234105938024,15735.841735087772,3304.3931007250594,1513.0617052969012,742.2377268789164,314.02059680910645,"job_4954,job_4960,job_4962,job_4964,job_4968"
0.29562392985874486,0.06594630290103762,0.18270232683818513,0.72,0.4,0.0,0.0,767612.7388158041,997817.6510833917,group_020,191.85126314393995,5.0,HEFT,0.0,37.0,11787.416900057118,0.0033162569395125516,tight,9,1725.2037672211588,95064.94005063896,6269.18133184842,8435.625174036155,1541.208347631176,510.01151747303027,"job_4971,job_4973,job_4976,job_4982,job_4987"
0.7257352567419201,0.16583595381694233,0.43744486771851504,0.72,0.4,0.0,21.0,230926.97384359367,464750.7750593493,group_020,92.3219096391158,5.0,PCEA-PPO,0.0,37.0,8918.699820936112,0.001986026846343032,tight,6,487.2192647397018,25629.229089610802,4250.247651668532,2369.384130603516,1036.4749275862039,353.59219818547706,"job_4971,job_4973,job_4976,job_4982,job_4987"
0.9878807186715236,0.2092290130262293,0.5451416391591638,0.72,0.4,0.0,0.0,190182.0079550147,417523.0085023131,group_020,67.92214569821954,5.0,PCEA-AER,8.0,37.0,9230.088904269443,0.011439192089905677,tight,6,407.5328741893172,21735.086623430252,4547.61072225991,2037.6643709465861,1110.8156952340485,402.5938686364143,"job_4971,job_4973,job_4976,job_4982,job_4987"
0.35530498950910017,0.2339811431265851,0.23273309085019492,0.72,0.4,0.0,0.0,627696.9191550304,1006714.7348771546,group_021,262.38229493782296,5.0,HEFT,0.0,35.0,6962.548375000001,3.5550099152040552e-06,tight,5,1307.100549223056,71060.08499326008,16626.71991739529,7308.216854530573,1700.8638971583896,464.41934692903703,"job_4991,job_506,job_6159,job_6262,job_674"
0.5000935217945188,0.2567653464633141,0.37040761425538554,0.72,0.4,0.0,1.0,770549.1902404559,1109363.9216468323,group_021,407.54657857070964,5.0,PCEA-PPO,0.0,35.0,6517.502277777778,0.0,tight,4,1455.3552450576697,76316.34416833307,19595.392551195564,7436.24408162191,2754.441429294302,727.813729963015,"job_4991,job_506,job_6159,job_6262,job_674"
0.6185227859893923,0.35042968927014884,0.45491277120183654,0.72,0.4,0.0,0.0,693282.5446355175,1023368.2767572744,group_021,407.16045632755277,5.0,PCEA-AER,3.0,35.0,4905.6123472222225,0.0,tight,4,1369.01487017168,72211.75911359098,25305.144307826526,7100.820817024304,3230.2540756802155,846.7668915594936,"job_4991,job_506,job_6159,job_6262,job_674"
0.3523477988576924,0.22255510239414905,0.2841877163345537,0.72,0.4,0.0,0.0,716780.13665553,1176844.5417474667,group_022,225.11518398636773,5.0,HEFT,0.0,28.0,9190.560070936112,0.0015913103559434673,tight,7,1566.931369876773,82385.60372986786,18335.33647390453,7174.390584590283,2038.8736763268362,552.1048191371497,"job_678,job_680,job_683,job_6837,job_6842"
0.5273957681507773,0.3043303691863173,0.33535437408150126,0.72,0.4,0.0,7.0,543013.2482091015,993671.3889480602,group_022,227.38761304154127,5.0,PCEA-PPO,0.0,28.0,7770.0963072916675,0.0012351931488716627,tight,5,1130.4689626110455,61435.40818111293,18696.660452870194,6315.100344389869,2117.7965232547376,596.2045469068646,"job_678,job_680,job_683,job_6837,job_6842"
1.0210953540068015,0.44986779065935656,0.6353868074075204,0.72,0.4,0.0,0.0,394935.350453845,810874.8286839778,group_022,225.11518398636773,5.0,PCEA-AER,12.0,28.0,4505.583998263889,0.0,tight,5,915.1021652981219,54710.64224822926,24612.55575376535,5006.152135754134,3180.843022933159,934.4065694274764,"job_678,job_680,job_683,job_6837,job_6842"
0.3597185323618674,0.08607623494581035,0.24827436717112858,0.72,0.4,0.0,0.0,532289.4471115656,705218.7036282207,group_023,193.8243642025427,5.0,HEFT,0.0,57.0,9097.000725205555,0.00016007281049342903,tight,6,1147.2809723236487,58090.030030020585,5000.1710728732305,4587.288687145993,1138.9061958324487,412.69822757095915,"job_9021,job_9025,job_9028,job_9031,job_9034"
0.47182712756669726,0.11254346926721914,0.31494635541167854,0.72,0.4,0.0,7.0,444041.4853524647,614613.1799585478,group_023,192.67509699672752,5.0,PCEA-PPO,0.0,57.0,6872.45068465139,2.72271969621614e-06,tight,5,929.281624628055,47260.70585434901,5318.883796866012,4004.4228790151615,1261.178391272966,438.460279648769,"job_9021,job_9025,job_9028,job_9031,job_9034"
0.5187915068378706,0.1111025549424819,0.32954675356535823,0.72,0.4,0.0,0.0,433092.15649947757,601403.4581884551,group_023,189.696174993621,5.0,PCEA-AER,4.0,57.0,6583.256041666667,0.0,tight,5,922.842634577368,50003.60344763537,5555.528099362986,4006.531554665582,1320.33946689721,478.7629209666231,"job_9021,job_9025,job_9028,job_9031,job_9034"
0.6014923301020865,0.11400580935779857,0.2866738758194547,0.72,0.4,0.0,0.0,272083.11014833255,480319.56111216696,group_024,75.50394890904559,5.0,HEFT,0.0,58.0,10984.774792096701,0.0019778509846897882,tight,8,601.0763891237634,32428.572991197216,3697.0457101798856,2996.516339173014,859.0229529070516,361.5428378634009,"job_9038,job_9042,job_9045,job_9048,job_9051"
0.5073432415571264,0.11791428697861274,0.32770341299246014,0.72,0.4,0.0,18.0,364117.04551033024,575637.7779641908,group_024,156.13874222790284,5.0,PCEA-PPO,0.0,58.0,6923.624920762501,2.147277058802989e-05,tight,5,762.7830611072177,38848.686025464965,4580.815112748698,3300.5607352012944,1081.6050177143677,386.99283082700344,"job_9038,job_9042,job_9045,job_9048,job_9051"
0.6195562451512354,0.1273100486655516,0.37978280040026313,0.72,0.4,0.0,0.0,358457.7362509343,564111.3607024533,group_024,156.13874222790284,5.0,PCEA-AER,12.0,58.0,6629.512916666667,5.779877345470647e-09,tight,5,764.2486621815183,41417.254752677836,5272.832718156963,3303.4919373498956,1254.609419066434,473.49503150303644,"job_9038,job_9042,job_9045,job_9048,job_9051"
1.0184325925903466,0.17272457978280722,0.4696418324445413,0.72,0.4,0.0,0.0,60248.81554458963,134215.49217259855,group_025,26.693275657675642,5.0,HEFT,0.0,49.0,6931.2165179847225,8.60419077471536e-06,tight,5,126.598090769566,6076.708356939169,1049.596897414991,413.3558354851859,194.12919202890703,128.93162179943712,"job_9054,job_9057,job_9061,job_9065,job_9068"
1.473080564952305,0.24826567336204258,0.6273858030900035,0.72,0.4,0.0,2.0,43146.31349211413,117006.21681079213,group_025,22.319058123384885,5.0,PCEA-PPO,0.0,49.0,6935.642142984722,1.3305732938789124e-05,tight,4,87.77863141923892,4213.374308123468,1046.036209732603,309.47161157878713,194.15809556391497,129.30499596179263,"job_9054,job_9057,job_9061,job_9065,job_9068"
1.473080564952305,0.24826567336204258,0.6273858030900035,0.72,0.4,0.0,0.0,43146.31349211413,117002.88150457347,group_025,22.319058123384885,5.0,PCEA-AER,2.0,49.0,6921.3817957625,1.2197322512577081e-05,tight,4,87.77863141923892,4213.374308123468,1046.036209732603,309.47161157878713,194.15809556391497,129.30499596179263,"job_9054,job_9057,job_9061,job_9065,job_9068"
0.7851844578393401,0.17637083404796658,0.372986906620931,0.72,0.4,0.0,0.0,95155.13260948953,191503.7267916222,group_026,46.99413552571751,5.0,HEFT,0.0,46.0,7285.938597777778,4.2020775544917734e-06,tight,5,195.59310955057808,9388.469258427747,1655.8521535425962,673.1510322554611,251.076521209651,153.5766696795813,"job_9071,job_9074,job_9080,job_9090,job_9118"
0.6686624964504588,0.14884799790793943,0.32779966448116526,0.72,0.4,0.0,3.0,158571.33641539756,247061.31205554932,group_026,69.0367197773366,5.0,PCEA-PPO,0.0,46.0,6504.033861111111,0.0,tight,5,331.455578229184,16818.576558107045,2503.4114483356366,1417.8972762872172,464.7862514357079,221.63191440115654,"job_9071,job_9074,job_9080,job_9090,job_9118"
0.644695077564924,0.1502628719940029,0.3306340634496648,0.72,0.4,0.0,0.0,156610.5953854178,244131.48292940352,group_026,68.21287900843757,5.0,PCEA-AER,6.0,46.0,6552.263084824999,0.0,tight,5,327.33637438468884,16607.673321268892,2495.5166903920444,1399.7727793714384,462.8125619498098,211.03214927375797,"job_9071,job_9074,job_9080,job_9090,job_9118"
0.7786805345895975,0.20454722486862018,0.18470358990636693,0.65,0.35,0.0,0.0,65977.59995755732,109855.1777462819,group_000,16.47792206732201,5.0,HEFT,0.0,41.0,10513.867052286805,0.0007187071892697161,very_tight,9,148.30129860589807,8173.049345391717,1671.7745623141684,725.0285709621684,133.9153798413956,115.47933447877224,"job_10302,job_11225,job_11820,job_1195,job_11957"
0.6734183846220976,0.1775428193869409,0.19411638597032158,0.65,0.35,0.0,0.0,79091.32519932411,123032.44699339553,group_000,20.114782604100743,5.0,PCEA-PPO,0.0,41.0,10427.950880286806,0.00632573362349106,very_tight,9,181.0330434369067,9976.93217163397,1771.3326665841698,724.1321737476269,140.56592053272232,121.91097967450372,"job_10302,job_11225,job_11820,job_1195,job_11957"
0.6714098533903037,0.17666813643115975,0.20553499690975227,0.65,0.35,0.0,0.0,78608.57041682569,122513.80594859991,group_000,20.114782604100743,5.0,PCEA-AER,5.0,41.0,10403.950880286806,0.00619687754015027,very_tight,9,181.0330434369067,9976.93217163397,1762.606014062657,683.9026085394254,140.56592053272232,121.547369152774,"job_10302,job_11225,job_11820,job_1195,job_11957"
0.6094737830644021,0.1519811143074072,0.3546670301243218,0.65,0.35,0.0,0.0,248160.2550665931,339479.23289144307,group_001,126.65370571849716,5.0,HEFT,0.0,47.0,5629.055166666667,0.0,very_tight,4,500.3908175024855,25945.634445671207,3943.2464344657574,2483.282071397918,880.7382772236738,304.9750845539287,"job_1196,job_12030,job_12669,job_12674,job_12675"
0.9482414658183961,0.2277784458058555,0.5094854936756688,0.65,0.35,0.0,8.0,77690.30503216562,193450.8120088041,group_001,49.80147758472156,5.0,PCEA-PPO,0.0,47.0,6126.805833333334,2.034835208505646e-05,very_tight,3,149.40443275416467,7171.412772199905,1633.4932554839559,597.6177310166587,304.47756471635535,141.6714783145751,"job_1196,job_12030,job_12669,job_12674,job_12675"
1.1405230730422375,0.27396668712337513,0.612797459153407,0.65,0.35,0.0,0.0,64592.44049054918,180287.4150180396,group_001,41.40541057086487,5.0,PCEA-AER,3.0,47.0,6126.805833333334,0.0001691264206802741,very_tight,3,124.21623171259462,5962.379122204542,1633.4932554839559,496.8649268503785,304.47756471635535,141.67147831457507,"job_1196,job_12030,job_12669,job_12674,job_12675"
0.754970474762873,0.203304868997755,0.22986949962701278,0.65,0.35,0.0,0.0,60714.36319301277,106221.87593137476,group_002,21.83969899029236,5.0,HEFT,0.0,47.0,8214.344647602777,9.941242224317073e-05,very_tight,6,131.03819394175414,6639.268493048877,1349.7956112202241,524.1527757670166,120.48673629367393,98.92996749227557,"job_12680,job_12681,job_12683,job_12686,job_12688"
0.6247295165490655,0.16953524272275988,0.22334746735116903,0.65,0.35,0.0,0.0,68314.57844163451,114339.21502502298,group_002,21.83969899029236,5.0,PCEA-PPO,0.0,47.0,8486.3585934375,0.0019148638688944082,very_tight,7,152.8778929320465,8037.009228427588,1362.5563103065322,524.1527757670166,117.06819497264836,95.50733214247721,"job_12680,job_12681,job_12683,job_12686,job_12688"
0.6482797695155235,0.17659197856539924,0.2304285283317612,0.65,0.35,0.0,0.0,68314.57844163451,114129.13509658119,group_002,21.83969899029236,5.0,PCEA-AER,9.0,47.0,8486.3585934375,0.0016045046962942149,very_tight,7,152.8778929320465,8037.009228427588,1419.2713613964004,524.1527757670166,120.77975274100125,99.10764519400598,"job_12680,job_12681,job_12683,job_12686,job_12688"
1.9459082438290982,0.41323928428826806,0.3729812379623872,0.65,0.35,0.0,0.0,15790.136533851479,31844.627501995303,group_003,6.690735819428593,5.0,HEFT,0.0,34.0,7231.358778079861,4.1555631637749135e-05,very_tight,5,33.45367909714297,1605.7765966628622,663.569971531812,107.05177311085748,39.928302860956215,65.09778994154368,"job_12690,job_12692,job_12882,job_12887,job_12890"
1.0144390046294516,0.233767607113251,0.1793678637786549,0.65,0.35,0.0,0.0,31993.719628159794,47271.63902947466,group_003,11.653888838232259,5.0,PCEA-PPO,0.0,34.0,7065.579236413195,0.0003322611210578327,very_tight,6,68.96121078623668,3481.2063832605663,813.7932860821976,271.9963541723191,48.78740500347131,69.95694202803173,"job_12690,job_12692,job_12882,job_12887,job_12890"
1.0531961438216173,0.24422293495004121,0.1888674427634671,0.65,0.35,0.0,0.0,31515.606492212748,46647.68119238729,group_003,11.481905695805265,5.0,PCEA-AER,3.0,34.0,7047.8767364131945,0.0003059271594225971,very_tight,6,67.9293119316747,3428.92350796276,837.4217628338563,267.8687587540713,50.59168746210553,71.54288937889558,"job_12690,job_12692,job_12882,job_12887,job_12890"
0.6529521124051794,0.15583735899403586,0.37454530716754075,0.65,0.35,0.0,0.0,191003.95792876382,344067.41784794134,group_004,59.68873685273869,5.0,HEFT,0.0,36.0,10055.320002994446,0.0016383232418973326,very_tight,7,417.8211579691709,21965.45516180784,3423.0385215180463,1910.039579287638,715.3963609264487,272.81720770354826,"job_12951,job_175,job_1822,job_3081,job_3083"
0.438971244395151,0.10045932517340747,0.2322509501722825,0.65,0.35,0.0,6.0,293809.94389342377,452022.7637473655,group_004,82.2966430791954,5.0,PCEA-PPO,0.0,36.0,10825.207499963888,0.021596398505216174,very_tight,8,655.655942484962,35378.24887270194,3554.0750075685,2940.9415336622246,683.0364655941814,287.81410496769934,"job_12951,job_175,job_1822,job_3081,job_3083"
0.5581927020551762,0.12576132189451183,0.273664530115672,0.65,0.35,0.0,0.0,234627.16296198606,393030.74281592795,group_004,74.04786051017544,5.0,PCEA-AER,2.0,36.0,9647.629639086112,0.014918551539387133,very_tight,7,515.6178214226268,28260.47749839689,3554.0750075685,2495.8896401571546,683.0364655941814,287.8141049676994,"job_12951,job_175,job_1822,job_3081,job_3083"
1.1651451240877762,0.2679913259467716,0.2616235416699968,0.65,0.35,0.0,0.0,64826.89678232896,113249.67029309516,group_005,16.284583263131356,5.0,HEFT,0.0,57.0,11722.71551214861,0.001781081936175018,very_tight,9,145.58058633888797,8014.390864638322,2147.7872344701173,712.5990114606027,186.43267716886152,169.62251033459484,"job_3086,job_3093,job_3094,job_3099,job_3104"
0.7374977745571777,0.15189781683157824,0.19265077338445558,0.65,0.35,0.0,0.0,131310.60245155735,174440.34334928426,group_005,33.297044738626646,5.0,PCEA-PPO,0.0,57.0,10718.8842721467,0.009543534692781366,very_tight,9,297.55863423276173,16379.989011806616,2488.0845706186656,1323.4227158855533,254.95840972990848,219.448830546935,"job_3086,job_3093,job_3094,job_3099,job_3104"
0.739620362543602,0.15186742463223435,0.19412952322738874,0.65,0.35,0.0,0.0,131310.60245155735,174320.40978858765,group_005,33.297044738626646,5.0,PCEA-AER,7.0,57.0,10324.009619368924,0.009401673349341782,very_tight,9,297.55863423276173,16379.989011806616,2487.586746727368,1323.4227158855533,256.91542086315843,220.08042492921427,"job_3086,job_3093,job_3094,job_3099,job_3104"
0.8094823309428484,0.22157534716246052,0.11511674505958153,0.65,0.35,0.0,0.0,69295.11310520794,93790.3799393416,group_006,17.306471804497484,5.0,HEFT,0.0,69.0,10170.247122842187,0.00044064748152507097,very_tight,9,155.75824624047732,8584.01001503075,1902.0049991264764,761.4847593978892,87.65964691436359,126.08354823031173,"job_3105,job_3120,job_3127,job_3129,job_3135"
0.7581884861646045,0.2018378771078529,0.10566637423378493,0.65,0.35,0.0,0.0,68973.68257544888,94944.10784895463,group_006,15.71870614754988,5.0,PCEA-PPO,0.0,69.0,10421.83358155625,0.00547784930606579,very_tight,10,157.1870614754988,8802.475442627932,1776.6729566340296,754.4978950823943,79.72505694037928,119.17742018477107,"job_3105,job_3120,job_3127,job_3129,job_3135"
0.7674934821388804,0.20409393358304323,0.11289591063449196,0.65,0.35,0.0,0.0,68596.43362790768,94503.17008739844,group_006,15.71870614754988,5.0,PCEA-AER,5.0,69.0,10397.83358155625,0.00531662536022737,very_tight,10,157.1870614754988,8802.475442627932,1796.5318383540744,723.0604827872945,81.63057164808701,120.64004515900884,"job_3105,job_3120,job_3127,job_3129,job_3135"
0.8552064639288547,0.16131278451703274,0.1870000571666095,0.65,0.35,0.0,0.0,104340.31807458618,166181.404746581,group_007,26.059020498148403,5.0,HEFT,0.0,65.0,11344.598339667666,0.0011948302601113587,very_tight,9,234.53118448333566,12925.274167081609,2085.0119665380053,1146.5969019185297,214.41368620582242,200.57258496303936,"job_3137,job_3147,job_3149,job_3153,job_3315"
0.8401019485715442,0.13854535740891355,0.21894003968962544,0.65,0.35,0.0,0.0,170597.91321903147,227323.14229777965,group_007,43.38705829578624,5.0,PCEA-PPO,0.0,65.0,10916.474799118749,0.004176963715206134,very_tight,9,390.48352466207615,21519.980914709973,2981.4934472614914,1561.9340986483046,341.96991355063915,328.0459699536948,"job_3137,job_3147,job_3149,job_3153,job_3315"
0.8632456038127908,0.14501520020340752,0.22515527408559854,0.65,0.35,0.0,0.0,170597.9132190315,227073.47573409084,group_007,43.38705829578624,5.0,PCEA-AER,9.0,65.0,10916.474799118749,0.003754614554807012,very_tight,9,390.48352466207615,21519.980914709973,3120.724340720176,1561.9340986483046,351.67770008480136,337.0831860258607,"job_3137,job_3147,job_3149,job_3153,job_3315"
0.5889301654635148,0.151361675472233,0.38953731343215015,0.65,0.35,0.0,0.0,329212.43903701793,538120.3708527936,group_008,118.07491459518036,5.0,HEFT,0.0,32.0,8468.730819444445,0.0011075081913576805,very_tight,6,705.1225308342083,37571.047439297785,5686.816689658862,3515.63178396042,1369.4697601406192,415.2679287562426,"job_3779,job_3782,job_4796,job_4798,job_4809"
0.5685162323473654,0.14382686379965443,0.3650318581998351,0.65,0.35,0.0,16.0,252906.8018813858,479323.20135153935,group_008,137.24184862171185,5.0,PCEA-PPO,0.0,32.0,6116.54,0.00023629179034342847,very_tight,4,504.1291602258864,25676.657520614557,3692.9931240478027,2386.131098346549,871.0138687378543,286.6056107880622,"job_3779,job_3782,job_4796,job_4798,job_4809"
0.8134597996481795,0.19563861626404297,0.4834263426386909,0.65,0.35,0.0,0.0,204929.64221007112,427058.543234583,group_008,103.49981929801575,5.0,PCEA-AER,5.0,32.0,6815.90025,0.0007687754195351547,very_tight,4,413.999277192063,21527.962413987276,4211.700777656797,2069.996385960315,1000.690782140103,336.7717690791467,"job_3779,job_3782,job_4796,job_4798,job_4809"
0.37835335882926535,0.08432021635370865,0.2374551163041591,0.65,0.35,0.0,0.0,669289.6756571076,860676.767931696,group_009,153.60730387086392,5.0,HEFT,0.0,44.0,11786.236137586415,0.0024441356905985086,very_tight,10,1524.2026658049156,85283.77191903429,7191.146099673314,7311.085083443568,1736.054558798695,576.6871981438101,"job_4811,job_4813,job_4816,job_4819,job_4821"
1.1042358244125694,0.23595501185923887,0.6807352410610455,0.65,0.35,0.0,16.0,116600.93015984708,347258.13552135084,group_009,74.74418599990197,5.0,PCEA-PPO,0.0,44.0,6084.206666666667,0.00014604304612042025,very_tight,3,224.23255799970593,10763.162783985885,2539.622202338308,896.9302319988237,610.5720176946588,247.60562354294456,"job_4811,job_4813,job_4816,job_4819,job_4821"
0.9481401370164292,0.20260021666381414,0.5845059456161809,0.65,0.35,0.0,0.0,135797.35654635628,366503.4281762241,group_009,87.04958752971557,5.0,PCEA-AER,1.0,44.0,6116.54,0.000198847567930665,very_tight,3,261.1487625891467,12535.140604279042,2539.622202338308,1044.5950503565869,610.5720176946588,247.6056235429445,"job_4811,job_4813,job_4816,job_4819,job_4821"
0.4873927128529431,0.10799134829537961,0.2772138622007867,0.65,0.35,0.0,0.0,503448.81810638536,694394.7929615546,group_010,139.41341519580052,5.0,HEFT,0.0,43.0,11299.019431043229,0.002030210383689819,very_tight,8,1112.384119417803,60039.51042707535,6483.74768201437,5553.150990643211,1539.4104335003294,542.1679136975753,"job_4823,job_4825,job_4827,job_4829,job_4831"
0.9024441757622671,0.19951668714940793,0.5626086403810884,0.65,0.35,0.0,16.0,139526.14503630938,367578.14238418883,group_010,89.43983656173678,5.0,PCEA-PPO,0.0,43.0,6134.673611111111,0.00012085370109529612,very_tight,3,268.31950968521033,12879.336464890097,2569.642544157439,1073.2780387408413,603.8354981268659,242.14337875880528,"job_4823,job_4825,job_4827,job_4829,job_4831"
0.964610516485383,0.21326071995099444,0.6013648553039196,0.65,0.35,0.0,0.0,130534.09101671017,358604.1567838134,group_010,83.675699369686,5.0,PCEA-AER,1.0,43.0,6134.673611111111,0.00023867057735520964,very_tight,3,251.027098109058,12049.300709234783,2569.642544157438,1004.108392436232,603.8354981268659,242.14337875880534,"job_4823,job_4825,job_4827,job_4829,job_4831"
0.5476037274294043,0.1182867868368224,0.30473631204621304,0.65,0.35,0.0,0.0,324212.84297645965,509017.0698333251,group_011,89.73067277007344,5.0,HEFT,0.0,35.0,11305.722483148786,0.0037629488392495673,very_tight,8,716.3877810862869,38670.36416791648,4574.1931232326315,3577.5661022085324,1090.2143000885735,392.29661920773077,"job_4833,job_4835,job_4838,job_4840,job_4842"
0.7268860246735366,0.16864267233981792,0.422633816718888,0.65,0.35,0.0,15.0,209358.8644412235,403209.4547319298,group_011,110.86754297447106,5.0,PCEA-PPO,0.0,35.0,7062.622666666667,0.00013897770022582037,very_tight,4,419.2823846401957,21512.430554197912,3627.913777184686,2023.8485614279125,855.3468419773095,304.77050578675255,"job_4833,job_4835,job_4838,job_4840,job_4842"
0.9408788949700906,0.2038966536612968,0.5008130021050171,0.65,0.35,0.0,0.0,174346.02553232416,367036.3061984687,group_011,88.05354824864854,5.0,PCEA-AER,3.0,35.0,7127.289333333333,0.0036131680098228152,very_tight,4,352.21419299459416,18315.138035718897,3734.39535682782,1761.0709649729706,881.9672368880928,331.390900697536,"job_4833,job_4835,job_4838,job_4840,job_4842"
0.704933558887194,0.15641532911661682,0.37878280304026485,0.65,0.35,0.0,0.0,241699.31973969602,442173.01270812494,group_012,66.76776788389392,5.0,HEFT,0.0,35.0,11208.49920710712,0.005758866207358766,very_tight,8,534.1421430711515,28843.67572584218,4511.593031590576,2670.710715355757,1011.6192908721246,376.5347218667796,"job_4844,job_4846,job_4848,job_4852,job_4856"
0.5902275198625302,0.13109984917329875,0.3303403540621664,0.65,0.35,0.0,19.0,274105.54658934847,476141.80947885034,group_012,91.24581077841692,5.0,PCEA-PPO,0.0,35.0,10581.8901487885,0.005467283110488501,very_tight,8,599.2366462063428,31888.151471066943,4180.531848272181,2657.345955922245,877.8286039450204,353.6859595011102,"job_4844,job_4846,job_4848,job_4852,job_4856"
0.8217061254951229,0.1718776611513691,0.5143884325736339,0.65,0.35,0.0,0.0,226807.85222537696,431885.19501484476,group_012,65.09984277421843,5.0,PCEA-AER,5.0,35.0,9887.854855619054,0.037350066158189046,very_tight,8,520.7987421937474,29164.729562849854,5012.765505374824,1952.995283226553,1004.5981825626067,427.94351661075757,"job_4844,job_4846,job_4848,job_4852,job_4856"
0.6795244718338489,0.1365670758203086,0.3464879428868126,0.65,0.35,0.0,0.0,269022.840889259,468703.6628299616,group_013,74.48760037029427,5.0,HEFT,0.0,34.0,11144.152819932118,0.004781419373698849,very_tight,8,594.4192018880535,32083.820891211886,4381.593600255335,2967.651206217366,1028.2553616478233,403.92239421087754,"job_4859,job_4861,job_4863,job_4865,job_4867"
0.708491914261681,0.1516029476536255,0.4610691503167724,0.65,0.35,0.0,15.0,210203.33066385932,417663.1055104451,group_013,85.30625238959423,5.0,PCEA-PPO,0.0,34.0,9376.056475205556,0.003648093158814362,very_tight,6,445.57181520835394,22398.930106212032,3395.743828389279,1782.2872608334155,821.7576729728706,315.6840282980187,"job_4859,job_4861,job_4863,job_4865,job_4867"
0.756671530445221,0.1483983130375626,0.47945813049644065,0.65,0.35,0.0,0.0,204096.02501460633,410162.9298540496,group_013,74.48760037029427,5.0,PCEA-AER,5.0,34.0,8718.388945936113,0.017307337590689992,very_tight,6,446.92560222176564,23836.032118494168,3537.2269558936937,1787.7024088870626,857.1284548489746,338.17587942829545,"job_4859,job_4861,job_4863,job_4865,job_4867"
0.545168540926307,0.11575900548223736,0.2983698799073148,0.65,0.35,0.0,0.0,311124.20460567926,481934.4945381953,group_014,85.94591287449703,5.0,HEFT,0.0,35.0,11203.846734884895,0.004627927144611905,very_tight,8,687.5673029959762,37128.634361782715,4297.9737886335915,3437.836514979881,1025.7468681155287,374.8400633629523,"job_4880,job_4882,job_4884,job_4886,job_4888"
0.5419221166542899,0.13265736151077684,0.36501592595992943,0.65,0.35,0.0,14.0,295754.92484387313,469536.674711381,group_014,95.74820533410502,5.0,PCEA-PPO,0.0,35.0,10117.138638422222,0.011469934187148078,very_tight,7,644.2878465454112,33782.16247852451,4481.452540529426,2934.1946167247406,1071.0277649704215,349.1538335345235,"job_4880,job_4882,job_4884,job_4886,job_4888"
0.8358501432501583,0.1753691416999729,0.4492273669720905,0.65,0.35,0.0,0.0,249930.26138016733,413754.7638164147,group_014,89.26080763577403,5.0,PCEA-AER,11.0,35.0,9256.574513655556,0.015000153534134466,very_tight,6,535.5648458146442,28563.45844344769,5009.149191210265,2677.824229073221,1202.951927640631,447.65195309391925,"job_4880,job_4882,job_4884,job_4886,job_4888"
0.6034116359112648,0.13225425469267268,0.33499196227911676,0.65,0.35,0.0,0.0,288946.01714297006,463867.3987548506,group_015,79.81934175220168,5.0,HEFT,0.0,35.0,11062.462802582118,0.0036394339780044587,very_tight,8,638.5547340176134,34481.95563695113,4560.385343110775,3192.773670088067,1069.5535168558988,385.3113566724507,"job_4891,job_4895,job_4898,job_4900,job_4903"
0.9763151323772536,0.2285405392667548,0.6054461756348749,0.65,0.35,0.0,17.0,111032.42956363778,306561.9133301643,group_015,71.17463433566525,5.0,PCEA-PPO,0.0,35.0,6128.065486111112,0.00020178892246625106,very_tight,3,213.52390300699574,10249.147344335795,2342.3456610989306,854.095612027983,517.1089219288701,208.46661762998292,"job_4891,job_4895,job_4898,job_4900,job_4903"
1.2383199764602844,0.2898718926090285,0.7679242788489784,0.65,0.35,0.0,0.0,87540.08917586725,283080.06994108367,group_015,56.11544177940208,5.0,PCEA-AER,2.0,35.0,6128.065486111112,0.0002823895403687675,very_tight,3,168.34632533820624,8080.623616233899,2342.3456610989324,673.385301352825,517.1089219288701,208.46661762998292,"job_4891,job_4895,job_4898,job_4900,job_4903"
0.6425585678155036,0.13473654191850168,0.31900026535752446,0.65,0.35,0.0,0.0,252549.98288096554,426860.3843025491,group_016,69.7651886411507,5.0,HEFT,0.0,37.0,11044.454608148784,0.004639505628338889,very_tight,8,558.1215091292056,30138.561492977104,4060.7655539618504,2790.607545646028,890.204547569793,358.62575757308986,"job_4905,job_4909,job_4912,job_4919,job_4921"
0.8402379084026943,0.1954676847921941,0.5103988675102995,0.65,0.35,0.0,15.0,128141.34226338283,318539.83356053365,group_016,82.14188606627106,5.0,PCEA-PPO,0.0,37.0,6140.298263888889,0.00019320256339578978,very_tight,3,246.42565819881315,11828.431593543031,2312.076138312699,985.7026327952526,503.10150748061756,207.056179621728,"job_4905,job_4909,job_4912,job_4919,job_4921"
0.8402379084026943,0.1954676847921941,0.5103988675102994,0.65,0.35,0.0,0.0,128141.34226338286,318515.5029752321,group_016,82.14188606627106,5.0,PCEA-AER,1.0,37.0,6140.298263888889,0.00033533993574371313,very_tight,3,246.42565819881315,11828.431593543031,2312.076138312699,985.7026327952526,503.10150748061744,207.056179621728,"job_4905,job_4909,job_4912,job_4919,job_4921"
0.532698389253529,0.11636153524126783,0.286376242724078,0.65,0.35,0.0,0.0,393667.2699931269,571046.7152177278,group_017,108.91697857578261,5.0,HEFT,0.0,45.0,11077.133677593229,0.0021844506327273923,very_tight,8,869.8782275319603,46958.848275982855,5464.203678555128,4345.0183344369,1244.310025183271,463.38273065299,"job_4927,job_4929,job_4932,job_4935,job_4937"
0.6326522666024772,0.13544544565926875,0.3512242156384747,0.65,0.35,0.0,24.0,196066.54913458411,401186.5479507442,group_017,83.9271687238251,5.0,PCEA-PPO,0.0,45.0,8594.33158549948,0.00341959338972326,very_tight,6,411.96224205364797,20628.48487661336,2794.034327388382,1647.8489682145919,578.7644613518399,260.62884618987874,"job_4927,job_4929,job_4932,job_4935,job_4937"
0.7651860291451175,0.15559467059923004,0.5196200969723331,0.65,0.35,0.0,0.0,170146.83741588588,377047.90979083104,group_017,73.3391540585715,5.0,PCEA-AER,3.0,45.0,7790.439890380556,0.006996761210651182,very_tight,5,366.69577029285745,18774.823438994303,2921.262468549022,1173.426464937144,609.7359735005408,280.5904803747017,"job_4927,job_4929,job_4932,job_4935,job_4937"
0.5113818664637727,0.10646763998982527,0.2949626132318762,0.65,0.35,0.0,0.0,506782.9994022032,707671.6572209271,group_018,126.7089705831006,5.0,HEFT,0.0,42.0,11996.138539705556,0.003786789160052772,very_tight,9,1138.9231341736047,62754.36294046265,6681.30892133601,5569.364301359224,1642.7542483692393,582.4246381124678,"job_4941,job_4945,job_4947,job_4949,job_4952"
1.0291815831592395,0.21055596008586128,0.6056442043070523,0.65,0.35,0.0,17.0,133327.5665511972,367816.7964306967,group_018,85.46638881486999,5.0,PCEA-PPO,0.0,42.0,6116.54,0.00024690797275423425,very_tight,3,256.39916644460993,12307.159989341277,2591.3458874860507,1025.5966657784397,621.146676585349,263.881300042173,"job_4941,job_4945,job_4947,job_4949,job_4952"
1.0291815831592395,0.21055596008586128,0.6056442043070526,0.65,0.35,0.0,0.0,133327.5665511972,367830.09890644415,group_018,85.46638881486999,5.0,PCEA-AER,2.0,42.0,6116.54,0.00032558961327062383,very_tight,3,256.39916644460993,12307.159989341277,2591.3458874860507,1025.5966657784397,621.1466765853493,263.881300042173,"job_4941,job_4945,job_4947,job_4949,job_4952"
0.34492421560482595,0.07688207172483406,0.19211011519344573,0.65,0.35,0.0,0.0,705083.1126589171,907750.7006296698,group_019,195.11256838710761,5.0,HEFT,0.0,37.0,11177.361125498786,0.0024828416791713177,very_tight,8,1557.9853449482596,84102.05660572002,6465.9403481670215,7781.181118295495,1494.8436009768125,537.3868730300926,"job_4954,job_4960,job_4962,job_4964,job_4968"
1.037594397196018,0.2261212591279097,0.5978422556536979,0.65,0.35,0.0,16.0,135390.7755973189,370899.8770707168,group_019,86.78895871623007,5.0,PCEA-PPO,0.0,37.0,6148.873333333333,0.00021852800930835046,very_tight,3,260.3668761486902,12497.610055137131,2825.975321757233,1041.4675045947608,622.6332821369598,270.1552119073105,"job_4954,job_4960,job_4962,job_4964,job_4968"
1.0423860507179659,0.2271654963853733,0.6006031157331411,0.65,0.35,0.0,0.0,134768.4095494585,370331.0272789593,group_019,86.39000612144775,5.0,PCEA-AER,4.0,37.0,6148.873333333333,0.00036706576614332215,very_tight,3,259.17001836434326,12440.160881488477,2825.975321757233,1036.680073457373,622.6332821369598,270.15521190731044,"job_4954,job_4960,job_4962,job_4964,job_4968"
0.29562392985874486,0.06594630290103762,0.18270232683818513,0.65,0.35,0.0,0.0,767612.7388158041,997817.6510833917,group_020,191.85126314393995,5.0,HEFT,0.0,37.0,11787.416900057118,0.0050456745119821095,very_tight,9,1725.2037672211588,95064.94005063896,6269.18133184842,8435.625174036155,1541.208347631176,510.01151747303027,"job_4971,job_4973,job_4976,job_4982,job_4987"
0.7262075989039913,0.16590778873639472,0.4376391242748391,0.65,0.35,0.0,17.0,230926.97384359373,464952.27951839153,group_020,92.3219096391158,5.0,PCEA-PPO,0.0,37.0,8918.699820936112,0.00646229167533196,very_tight,6,487.2192647397018,25629.229089610802,4252.088725275811,2369.384130603516,1036.9351959880237,353.82233238638696,"job_4971,job_4973,job_4976,job_4982,job_4987"
0.9878807186715236,0.2092290130262293,0.5451416391591638,0.65,0.35,0.0,0.0,190182.0079550147,417523.0085023131,group_020,67.92214569821954,5.0,PCEA-AER,8.0,37.0,9230.088904269443,0.023932912207220113,very_tight,6,407.5328741893172,21735.086623430252,4547.61072225991,2037.6643709465861,1110.8156952340485,402.5938686364143,"job_4971,job_4973,job_4976,job_4982,job_4987"
0.35530498950910017,0.2339811431265851,0.23273309085019492,0.65,0.35,0.0,0.0,627696.9191550304,1006714.7348771546,group_021,262.38229493782296,5.0,HEFT,0.0,35.0,6962.548375000001,6.620556756487733e-05,very_tight,5,1307.100549223056,71060.08499326008,16626.71991739529,7308.216854530573,1700.8638971583896,464.41934692903703,"job_4991,job_506,job_6159,job_6262,job_674"
0.760711109901537,0.47713264700350444,0.5703020140559326,0.65,0.35,0.0,11.0,233430.93501091906,618465.2565884332,group_021,126.96238464358206,5.0,PCEA-PPO,0.0,35.0,6207.794097222222,0.00020111697013296289,very_tight,4,465.33150438609545,23702.54377370868,11309.257451466055,2202.9839083384063,1256.3661598582032,353.9828451736986,"job_4991,job_506,job_6159,job_6262,job_674"
0.7956711737674201,0.47987800957175175,0.5776865523862265,0.65,0.35,0.0,0.0,233430.935010919,617752.893233954,group_021,126.96238464358206,5.0,PCEA-AER,3.0,35.0,6207.794097222222,0.0002643667138226539,very_tight,4,465.33150438609545,23702.54377370868,11374.329527914639,2202.9839083384063,1272.6341789703488,370.250864285844,"job_4991,job_506,job_6159,job_6262,job_674"
0.3523477988576924,0.22255510239414905,0.2841877163345537,0.65,0.35,0.0,0.0,716780.13665553,1176844.5417474667,group_022,225.11518398636773,5.0,HEFT,0.0,28.0,9190.560070936112,0.0033205447860177044,very_tight,7,1566.931369876773,82385.60372986786,18335.33647390453,7174.390584590283,2038.8736763268362,552.1048191371497,"job_678,job_680,job_683,job_6837,job_6842"
0.5273957681507773,0.3043303691863173,0.33535437408150126,0.65,0.35,0.0,10.0,543013.2482091014,993664.2004707215,group_022,227.38761304154127,5.0,PCEA-PPO,0.0,28.0,7770.0963072916675,0.005168592510796906,very_tight,5,1130.4689626110455,61435.40818111293,18696.660452870194,6315.100344389869,2117.7965232547376,596.2045469068646,"job_678,job_680,job_683,job_6837,job_6842"
0.7338034077532305,0.3851761190556131,0.4675040627523589,0.65,0.35,0.0,0.0,539872.3502251566,962170.7396897939,group_022,225.11518398636773,5.0,PCEA-AER,7.0,28.0,6526.641168402778,0.0009469318376357779,very_tight,5,1124.6137976886816,61169.754220729985,23561.128534326486,6295.528173673041,2943.184998364085,825.2454371502567,"job_678,job_680,job_683,job_6837,job_6842"
0.3597185323618674,0.08607623494581035,0.24827436717112858,0.65,0.35,0.0,0.0,532289.4471115656,705218.7036282207,group_023,193.8243642025427,5.0,HEFT,0.0,57.0,9097.000725205555,0.0005344413404401706,very_tight,6,1147.2809723236487,58090.030030020585,5000.1710728732305,4587.288687145993,1138.9061958324487,412.69822757095915,"job_9021,job_9025,job_9028,job_9031,job_9034"
0.7050171960575574,0.158925931250144,0.3722877817233756,0.65,0.35,0.0,11.0,252102.42788574757,433565.54408268735,group_023,130.72077364866882,5.0,PCEA-PPO,0.0,57.0,5929.0815859375,1.0576154798556196e-05,very_tight,4,507.5726571571596,26257.144157299732,4172.9410871681375,2503.704782067656,932.0986994061753,357.8474515444246,"job_9021,job_9025,job_9028,job_9031,job_9034"
0.7631571324050131,0.16488015908116418,0.3876985925598679,0.65,0.35,0.0,0.0,250892.07251423242,430370.80966417695,group_023,130.1094830569945,5.0,PCEA-AER,2.0,57.0,6045.207402777778,3.093859028070119e-05,very_tight,4,505.12749479046226,26129.99571423147,4308.317850152624,2491.4789702341695,965.9428901522965,385.4916504232174,"job_9021,job_9025,job_9028,job_9031,job_9034"
0.6014923301020865,0.11400580935779857,0.2866738758194547,0.65,0.35,0.0,0.0,272083.11014833255,480319.56111216696,group_024,75.50394890904559,5.0,HEFT,0.0,58.0,10984.774792096701,0.003527589609296062,very_tight,8,601.0763891237634,32428.572991197216,3697.0457101798856,2996.516339173014,859.0229529070516,361.5428378634009,"job_9038,job_9042,job_9045,job_9048,job_9051"
0.6332488305362199,0.1451163525265095,0.36015397053988485,0.65,0.35,0.0,14.0,303715.3000988408,515244.2532751428,group_024,157.07945443941014,5.0,PCEA-PPO,0.0,58.0,6326.721833333334,9.985182501541246e-05,very_tight,4,610.9320565881374,31559.837808549106,4579.848549104875,3002.5029994321776,1081.3633768034124,386.87201037152573,"job_9038,job_9042,job_9045,job_9048,job_9051"
0.7054546822792449,0.1606162071696981,0.3847270908038782,0.65,0.35,0.0,0.0,299312.76694898645,509332.2248963945,group_024,154.2573178048882,5.0,PCEA-AER,6.0,58.0,6182.068888888889,9.165555399035412e-05,very_tight,4,602.4656466845715,31153.450133177947,5003.749000641368,2968.6373598179143,1142.115215094452,425.01221136602425,"job_9038,job_9042,job_9045,job_9048,job_9051"
1.0184325925903466,0.17272457978280722,0.4696418324445413,0.65,0.35,0.0,0.0,60248.81554458963,134215.49217259855,group_025,26.693275657675642,5.0,HEFT,0.0,49.0,6931.2165179847225,0.00013123589090450192,very_tight,5,126.598090769566,6076.708356939169,1049.596897414991,413.3558354851859,194.12919202890703,128.93162179943712,"job_9054,job_9057,job_9061,job_9065,job_9068"
1.473080564952305,0.24826567336204258,0.6273858030900035,0.65,0.35,0.0,4.0,43146.31349211412,117004.07352726892,group_025,22.319058123384885,5.0,PCEA-PPO,0.0,49.0,6935.642142984722,0.0005597930489139115,very_tight,4,87.77863141923892,4213.374308123468,1046.036209732603,309.47161157878713,194.15809556391497,129.30499596179263,"job_9054,job_9057,job_9061,job_9065,job_9068"
1.473080564952305,0.24826567336204258,0.6273858030900035,0.65,0.35,0.0,0.0,43146.31349211413,117002.88150457347,group_025,22.319058123384885,5.0,PCEA-AER,2.0,49.0,6921.3817957625,0.0006286965147468926,very_tight,4,87.77863141923892,4213.374308123468,1046.036209732603,309.47161157878713,194.15809556391497,129.30499596179263,"job_9054,job_9057,job_9061,job_9065,job_9068"
0.7851844578393401,0.17637083404796658,0.372986906620931,0.65,0.35,0.0,0.0,95155.13260948953,191503.7267916222,group_026,46.99413552571751,5.0,HEFT,0.0,46.0,7285.938597777778,2.1006144927663503e-05,very_tight,5,195.59310955057808,9388.469258427747,1655.8521535425962,673.1510322554611,251.076521209651,153.5766696795813,"job_9071,job_9074,job_9080,job_9090,job_9118"
0.8646224741068522,0.19501025007277037,0.36054102359248175,0.65,0.35,0.0,10.0,103965.13120213148,195844.12511105344,group_026,56.487098308727006,5.0,PCEA-PPO,0.0,46.0,5748.774405381945,0.0,very_tight,4,207.18809930836517,10548.657636916476,2057.096363707121,979.6596147621974,353.207480278579,179.1394870294949,"job_9071,job_9074,job_9080,job_9090,job_9118"
0.9882065916845714,0.2338476594296089,0.4650881868716152,0.65,0.35,0.0,0.0,103965.1312021315,192497.28860703454,group_026,56.487098308727006,5.0,PCEA-AER,6.0,46.0,6126.805833333334,4.0487485889185346e-05,very_tight,4,207.18809930836517,10548.657636916476,2466.778898517187,979.6596147621974,455.6281139810954,204.74464545512404,"job_9071,job_9074,job_9080,job_9090,job_9118"
